Window,RT_s,X231,X232,X233,X234,X235,X236,X237,X238,X239,X240,X241,X242,X243,X244,X245,X246,X247,X248
Win001_C01,114.03,57103235,59696673,62365546,59463458,71670836,73925117,60063727,61118514,57662880,70459118,69031728,63437581,46108728,46638144,63253395,54999155,63395270,47530864
Win001_C02,117.56,768127,1309195,1389016,1634292,1302747,1179234,388077,1083490,1128928,2240508,1097691,1236855,913805,1057457,1251808,1009531,1950621,1706875
Win001_C03,121.09,1241845,1642771,1673030,1274758,1389937,2036529,1869833,1647491,1247759,1831629,2017621,1499037,1038702,1123555,1353762,1501144,1580977,950303
Win001_C04,128.47,1337174,1749108,2023347,1665903,1928265,1893354,1975573,1598214,1194970,2180441,1629783,1578031,1157536,1460764,1441321,1656694,1701935,1497092
Win001_C05,129.11,4097762,4267777,6192685,4680217,4330305,4902716,3684397,5484776,3991733,4522904,7015500,4145361,3083438,2578651,3952597,3820480,5338133,2491115
Win001_C06,131.35,302326,946753,749461,425975,634770,535974,428018,347713,425404,1045280,420603,485163,419015,633532,457219,510604,399594,541788
Win001_C07,134.56,966834,1242801,1047643,1167774,1412587,1254138,1200636,1286467,1161081,1078776,1597126,1247461,859380,677365,1201725,1130770,1673550,530967
Win001_C08,147.08,1675605,2561749,3853022,2473415,2436471,2875687,1559783,2970810,1493804,2669850,4005312,2147119,802778,1056432,1962317,2268525,2705004,660150
Win001_C09,148.69,1042416,1307233,1750240,1335382,1635650,1682742,1749253,1354229,862190,1720466,1712918,1278512,894475,1103371,1024814,1327795,1373854,1125598
Win001_C10,150.93,4823020,5936108,11205954,6940210,6356038,8413449,10655696,7291722,4172309,7908549,11420662,6464884,3766320,4058732,5013141,6142779,7254163,3269863
Win001_C11,160.88,726119,1299028,1084410,771858,609334,896484,602060,677395,848060,1616287,575269,857561,468881,854936,834768,1107745,886394,710815
Win001_C12,169.22,1366415,1697372,1716989,1110580,2073995,1169361,1079729,903027,1203425,1352916,1084298,1204571,1253024,1433756,1282119,1102521,1038741,1389281
Win001_C13,176.28,352567,1290016,2604850,1273451,1676506,2235510,2392500,1846639,866036,1818588,3140589,1388425,183432,224019,720297,1381725,1992550,151900
Win001_C14,184.31,404477,676954,1104951,563784,512640,843087,733004,697290,447692,907524,769524,644541,69894,205051,527684,512195,742728,349709
Win001_C15,188.16,535874,876208,1323292,727022,950722,1143658,1083817,843757,466536,1034844,1186765,809394,490333,764834,581255,860382,762373,569883
Win001_C16,199.07,337237,436239,493152,407805,443715,390383,404364,393922,265617,470018,451898,379009,267102,282749,324126,350311,423224,308396
Win002_C01,220.89,167348,498441,642051,430398,454765,799573,593381,526844,254550,677090,788641,449122,98019,703,286000,400636,655958,88999
Win002_C02,225.38,1868753,2198553,2285394,1592309,2151629,2494219,1897325,1973630,1643650,2533345,2053990,2020392,1426549,2067090,1752044,2006662,1913625,1488694
Win002_C03,244.32,242338,1069303,1793152,866424,1126430,1715841,1745400,1566293,215114,1124533,2737717,1008428,97994,62763,679691,982172,807708,41757
Win002_C04,252.98,1850,839551,1723002,1071537,1045832,1099715,1314809,1019886,5972,1720158,1432967,697393,1744,287701,416265,702543,1513352,18
Win002_C05,262.29,1032,910,257394,190,41074,89769,133302,42065,27,117633,229133,235,3317,2990,1,2906,102689,13301
Win003_C01,272.88,91138,277419,261143,275078,282157,359983,284494,274568,105108,362586,294649,305544,74787,126408,160182,222514,333158,92037
Win003_C02,279.62,1556,393301,494345,483096,536598,617933,521950,458678,399341,606005,720512,417695,247,243060,340497,383637,672000,3074
Win003_C03,285.07,1528223,2175012,4496943,2888259,2755385,2947842,3292946,2355893,1507168,4487425,3024352,2215036,1381216,1785282,1672681,2235521,3744686,1896840
Win003_C04,302.4,760167,1421798,1622015,818990,1080881,1196853,1035826,989367,612096,1546939,1331865,767627,467987,920375,855941,1188153,808674,587833
Win003_C05,322.62,695557,968096,871924,722817,1080029,1298037,831401,1092453,574485,943338,870235,918843,632598,786354,934412,1274918,754658,16944
Win003_C06,328.4,275428,567134,1006161,603465,593527,451102,626362,520329,411836,1096456,858347,282637,144258,224198,349431,74968,885659,59225
Win003_C07,346.69,2561,178895,389046,149413,229371,244097,294821,225567,850,276431,349237,115830,105,3840,49725,106749,286112,706
Win004_C01,388.41,21161,2014114,2389519,1754537,1689862,1696222,2431526,2271354,2853,2097684,2197658,1617562,5986,17866,1860619,2280419,1876213,2646
Win004_C02,403.81,707582,1637123,2063836,1249774,1522102,1326046,1094589,1288763,817111,2166431,1626843,1345243,595494,950452,1089990,846074,1486933,723945
Win004_C03,416.33,1670242,3077166,2917149,3003502,3203821,2844216,2780093,3148184,2332083,3084082,2837529,2660317,1880400,2184493,3013968,3016979,3265748,1912137
Win004_C04,423.39,1484849,2619855,4009880,2385572,2604552,3371875,4281452,3624910,1518609,3115719,4338905,2458800,1145904,1618059,2015896,2963068,3106349,1075021
Win004_C05,437.51,80458,258474,353839,123835,210325,223757,155861,233623,54693,291445,238708,141128,21764,112384,123708,165497,131626,21030
Win005_C01,442,41353,199102,108853,69912,102058,133971,99726,100564,51968,208035,107682,105841,62102,160006,70197,186612,80989,78180
Win005_C02,448.42,5084,382854,734527,415037,477715,535499,452905,511148,248254,655764,857596,364697,22345,137567,226911,293455,509595,6426
Win005_C03,456.77,189785,295226,618527,290314,405199,516170,388593,401779,196996,495820,590284,357118,1393,2201,180540,251676,384206,164240
Win005_C04,462.86,23986,1103403,1610236,721350,818843,1181040,1479495,1195462,60905,1021036,1176707,876580,44489,510074,616920,768364,994300,54372
Win005_C05,466.39,745506,937452,1011276,1016145,1004022,866827,561012,846314,526259,1000528,1072343,738263,438270,563391,692336,505877,863150,521103
Win005_C06,472.17,42166,202481,230807,109915,104467,118532,63979,113322,16283,131424,171220,150060,9115,87692,80384,134239,97895,4558
Win005_C07,475.38,140887,274566,420711,178494,328698,449442,260857,291912,47432,422944,426278,294843,8337,110255,137763,214926,237766,25053
Win006_C01,485.33,190296,556665,492357,253290,536648,385401,335511,309466,315637,366707,471525,273580,80,268933,305484,262106,358206,176523
Win006_C02,493.67,1075707,1171161,955116,1079272,1025750,759581,1082648,848998,1327044,1107744,599577,1021895,900270,1032242,1088334,670560,977463,984779
Win006_C03,497.2,426715,1075132,1465667,716428,752036,1471042,821898,1198273,411381,1500066,1403936,840162,386081,378219,640184,996044,1373160,352893
Win006_C04,499.13,1012163,1030339,1563271,1229584,990025,1166871,1306577,1167244,1034682,1290390,1327017,1048239,859595,753617,892691,853367,1594814,718332
Win006_C05,500.09,4228664,3862775,4397187,2610431,5726554,6622497,4499467,4863118,2177098,4269092,6164830,6154022,2502695,4707890,3610802,4598316,2236946,2283925
Win006_C06,518.7,5103,101874,287963,56660,161561,209585,158491,113413,16249,201509,409423,107101,19472,22667,37371,57014,101138,12941
Win007_C01,526.09,6343,1103698,951659,1334766,1050561,832935,712687,717276,575649,1592608,886655,803723,464323,909274,983944,749703,1583060,1150667
Win007_C02,532.82,64589,153280,250400,75716,189206,198663,214380,221076,16553,173493,249172,147281,40289,86315,80381,178052,87612,25006
Win007_C03,537.64,416417,498384,311534,452292,437785,746931,641227,538144,218228,699081,361314,470126,196762,368391,402555,419869,628039,220489
Win007_C04,541.81,784,87886,306388,52103,20610,93511,61043,100789,390,57041,238171,89350,607,15635,1949,40903,47018,434
Win008_C01,556.89,354470,238722,205465,215860,336754,377856,281987,320995,289223,430677,231981,360206,249669,359987,400738,347478,342706,163760
Win008_C02,559.78,365841,648964,899434,563161,585398,759182,734937,628565,148053,588968,849147,614584,120946,348066,309991,517644,455675,169122
Win008_C03,564.92,38737,65947,90003,43815,48688,67467,52225,63411,39224,97708,82974,49682,18274,43526,35138,37369,49109,30529
Win009_C01,588.66,2837182,2714374,3039438,536925,4154713,4307062,3333703,4039204,400317,2261889,4415914,5514835,16257,5349650,2690696,4374551,105966,4983
Win009_C02,591.23,4701504,5908624,7049940,8277349,5693403,6212070,5853458,7233900,6252234,10385686,7184300,5489218,3874354,3755097,6425890,5660478,11417477,4832624
Win009_C03,606.63,3219898,8228586,5942695,4827493,3989700,4789407,4954392,5141755,2139255,4282218,4254243,4301417,3155630,3460675,4322252,4385285,4843111,3945307
Win009_C04,624.29,1442389,4088085,5296287,1759558,2420475,4205095,3209888,3721125,139314,3611069,5283856,2673964,159827,2163845,2711254,3279371,2421416,1079833
Win010_C01,652.85,967281,823443,959424,992186,1166629,1148230,498101,649327,968951,997037,1352082,953699,870915,653852,611057,543552,920464,942861
Win010_C02,660.55,656139,558044,702398,328965,754705,1004565,608462,742711,286900,660739,924838,903538,395075,828511,560113,775416,325953,387107
Win011_C01,672.1,2397802,1680999,1941178,3182527,1975503,3145676,5145758,3165215,1879873,2544831,3066689,2878792,2163110,2615901,2139455,3082872,2728193,3006594
Win011_C02,686.54,566781,967940,1040993,788997,792460,1130509,1090479,926027,590655,995289,1058855,882657,615737,819827,730296,927665,905783,588330
Win011_C03,692,4311584,4943125,5725276,3158077,6177422,6760834,5285217,6519055,1041,5607721,7466126,7665771,2962920,6494338,4664608,6404769,3301013,2894060
Win011_C04,708.05,2796902,4918828,4818034,6122992,4872251,4652021,4977302,5203081,1716066,4540903,4361058,5207216,2034772,5256524,3916458,5101423,3830347,3404307
Win011_C05,723.77,769133,914613,1126408,609977,1100903,1351170,1128188,1419935,448683,1177895,1659030,1436792,534794,1067123,940959,1341116,599369,439651
Win011_C06,726.34,440130,726150,1422480,420445,457475,759448,704038,566057,308674,719270,928232,603736,357589,1054456,558991,526178,540061,244927
Win011_C07,730.51,925996,909730,937317,728170,1046727,1214469,1083993,1016385,632453,946411,1309424,1317969,728781,1076985,806368,1100956,663697,688494
Win012_C01,744.31,263371,412755,440670,304448,302838,319801,326964,292552,369245,503229,382204,310939,287824,378931,341126,259244,328294,273312
Win012_C02,748.48,80522,113208,117942,76109,172579,84027,67455,84200,140028,93193,120115,62907,77899,63440,61282,65299,85061,79846
Win012_C03,750.41,218799,485055,429968,443018,318751,230505,208084,213175,216356,538485,186124,227435,176178,328484,251294,193666,315505,398139
Win012_C04,753.62,101854,320724,171011,159082,176907,146139,127591,125024,94111,173171,176351,162845,122237,126151,160777,160381,174212,153529
Win012_C05,757.79,82124,161019,199950,99078,106003,202603,183988,160082,81347,200354,233101,152909,77341,80685,99840,142691,128250,37707
Win012_C06,761.64,451239,520837,217429,698411,1662028,795615,15355,604488,276779,477575,348997,640899,528620,832100,654216,569316,312892,1036081
Win012_C07,764.21,1266817,1842052,1762921,1846831,1566023,1467218,2122824,1743889,1262527,2224380,1447030,1701189,1500896,1784657,1715930,1577763,2089791,1911982
Win012_C08,769.34,2866231,1997442,2130733,1251738,3184362,2863380,1591111,2689745,990990,2030841,3165402,4094528,874015,3376158,1741331,1834277,1135792,954897
Win012_C09,777.68,480627,422200,475272,488046,481426,546371,508096,522816,283525,655598,538246,574569,379935,464745,638646,679739,580620,457995
Win012_C10,783.14,143531,296329,208074,98428,155954,302551,148444,278229,71597,185487,289371,180676,52581,281303,109715,318338,125587,38923
Win012_C11,783.78,121053,133417,320606,216128,206011,81314,161186,105575,84016,287863,134398,170077,114186,207353,204568,46677,179037,155005
Win013_C01,792.13,219903,450181,382290,604676,344826,329495,447270,405463,221408,323464,324217,305280,129501,336498,200932,217318,538211,194019
Win013_C02,794.05,287588,323422,440347,300466,339556,330326,542497,358835,141065,515214,607345,235912,195556,211034,333109,436425,449830,205050
Win013_C03,797.26,88648,131500,204667,57726,151954,233572,309684,218592,48949,203018,147137,184025,34732,96081,114580,142718,72058,33053
Win013_C04,798.54,2033281,2385948,2800362,1472684,2829247,3183737,2938253,3283622,1262149,2678063,4220947,3800938,1472123,3232488,2329265,3405480,1458714,1236079
Win013_C05,801.43,177280,461586,463443,237493,261795,361029,210170,467385,319614,250441,470277,312373,180602,298016,307879,346469,209424,200675
Win013_C06,803.68,377284,813303,806249,983241,525507,506609,162093,501442,427966,1178739,504683,631484,319000,405830,465744,368707,1867802,549790
Win013_C07,806.25,403008,501039,464195,614826,431180,345185,502123,377604,394434,584873,242456,571234,481332,432893,665988,515824,819037,531347
Win013_C08,808.49,342244,597487,1119034,521633,353521,582571,378052,183191,277165,932372,1024315,470491,348147,366907,381829,111121,521068,256052
Win013_C09,812.99,638155,2894221,1696664,1147230,1924449,2478086,5074731,2877270,206444,1841972,2482561,1803950,363426,1657965,2310679,2705340,971637,807266
Win013_C10,819.73,1206949,1831396,2503225,1379777,1684272,1631332,1157550,1314835,1394046,2247324,1917198,1586802,1318200,1541866,1391285,1069607,1256651,1243962
Win013_C11,822.29,642163,2596949,1276472,720073,1818034,1333742,932915,1529661,179476,453178,808275,1268206,457140,1504826,1843014,1345848,241892,1377902
Win013_C12,822.93,563582,188330,250170,260975,481478,322150,218112,474787,295965,530384,452735,564015,248090,443354,400103,303837,378926,274806
Win013_C13,824.86,408245,586267,890000,402812,484523,482341,481879,427282,437688,992305,582099,403574,332747,462975,473223,337936,487190,350634
Win013_C14,827.11,844324,1388106,1518193,1405705,998952,1754960,1516956,1481356,782301,1555601,1907934,1359065,976563,745156,1290751,1713011,1673197,761471
Win013_C15,831.6,1733039,1118965,1319402,585737,2287628,1894194,1038472,1172668,345779,1237054,1591263,2393937,9,2554809,904030,1076975,552370,1301
Win013_C16,835.45,440676,760537,531484,429264,429284,759406,515964,612724,437357,610385,736486,679421,460328,144671,424223,466863,651761,290111
Win013_C17,836.73,50321,287100,765722,48720,60261,249069,315811,87722,67280,104516,410293,117202,176021,808292,275170,138775,54170,136073
Win014_C01,846.04,170427,284194,521066,128749,112194,278003,228190,180547,98584,204557,388324,160775,174894,502081,273954,192331,113267,89102
Win014_C02,847.32,189855,977241,2371805,222188,208556,823775,1027024,427264,203072,345842,1286250,407489,531081,2415622,892792,467535,140022,165568
Win014_C03,855.99,35609688,20959177,15206979,44170334,27046694,19110287,13247457,23723940,32903625,20807126,17589247,23249106,35062750,28050458,29995181,26656647,32996768,37573784
Win014_C04,859.52,19311511,23212274,23111944,13305893,30322009,30854626,21887281,28398926,11015903,22714208,33641338,35332058,113289,31697544,20171035,25120809,12877271,56776
Win014_C05,874.28,8591545,15299611,19972537,12614093,13520412,13035294,15754068,11352832,7294323,14798456,16139227,10927826,6918040,10987585,8868192,9234804,10526139,7849051
Win014_C06,893.54,2633426,3338295,1951087,1435780,3726177,5579545,2152075,2132817,151551,2307058,3833739,5204510,114527,4671814,1732611,1654608,989036,854230
Win014_C07,901.24,2048135,2139515,2080221,1079663,3478964,3230948,1806886,1989382,824602,1923559,3012872,3780734,891615,3437541,1652388,1901423,1065840,1019050
Win015_C01,935.58,1650080,1871939,1523616,1331976,1547158,1562769,991149,2041671,890713,1257239,2591920,1343818,689626,928050,1699034,1231325,1304688,450373
Win015_C02,941.67,982205,2452491,3645557,1445976,2104793,1756824,1939848,1019748,752680,2553152,1419197,1394709,741980,1970122,1135505,1429040,1130333,1948990
Win015_C03,948.09,1093385,897044,1326622,449369,672486,1671896,1247772,1792647,575667,1681861,1914322,2507538,421973,1114186,543003,1228076,563731,204437
Win015_C04,952.26,412871,530752,1228662,1260548,836004,542986,757791,413967,865974,1125881,761822,313766,438784,484677,728000,401433,1207176,578568
Win015_C05,956.12,97204,422198,587090,292000,534884,342421,511988,284496,31856,155754,248533,327952,135162,599663,278818,556858,176798,132331
Win015_C06,958.36,644129,655761,865712,449178,735946,741396,642086,966523,491030,1115207,783089,958892,423056,809737,671753,663345,639767,444532
Win015_C07,963.18,270079,356164,665637,464370,345817,359895,312153,247313,390431,683172,363590,349510,271937,299014,329373,244459,504922,270782
Win015_C08,967.35,257090,289486,395317,344265,345916,472121,256960,417032,161345,351253,553468,478515,187554,405418,305239,511242,300602,171837
Win015_C09,973.45,182038,179388,565855,249000,256326,139590,424672,104664,130964,188677,120466,230063,64339,296604,157153,175317,245623,100110
Win015_C10,980.83,295082,456725,978009,537010,541969,327358,282541,456286,308464,876995,317556,410166,246631,758789,489209,337812,565350,314441
Win016_C01,989.81,210636,274379,277341,226664,311585,496371,257339,280488,162723,376584,223119,325483,206437,232791,229873,349694,296473,4171
Win016_C02,999.12,425258,460365,707364,583631,589573,498329,566502,598511,427122,777495,273328,539809,365491,619145,492040,464326,964651,461861
Win016_C03,1002.01,430978,1375415,1550159,529157,618635,1212677,812481,374748,556189,1380551,2123571,839156,398517,475563,478640,434858,277560,389502
Win016_C04,1005.54,627777,1860661,2336260,809553,1009184,1713840,1176533,1151793,653591,1861371,2319535,1182306,574767,1274092,1020355,1383046,785378,515201
Win016_C05,1015.49,882430,1360022,921222,539103,1318673,981702,1106489,1234527,174207,990228,1782974,1972965,328622,1380885,1209732,1557407,389879,308710
Win016_C06,1023.19,563321,775882,1376328,739330,665440,813625,757625,675437,630837,1168218,733369,699177,599254,654429,619167,514913,755981,500576
Win016_C07,1027.04,317909,309024,754944,360420,343042,419234,433088,347704,345884,658692,363629,389079,291071,372711,279001,168885,409204,264466
Win016_C08,1028.64,112318,1162609,180917,47950,66396,23912,6586,77558,158693,144400,16883,59292,79363,95388,134689,587999,72088,134186
Win017_C01,1067.15,344790,547339,935155,359823,392163,653623,523386,376025,252530,555602,625731,392578,279648,402166,318682,208452,331605,193629
Win017_C02,1069.72,143815,227772,193983,214698,278630,205941,141305,150348,199501,281316,330478,162877,145880,125980,125546,142807,200719,192830
Win017_C03,1084.48,486992,689509,1169266,731123,669844,634257,601975,550687,698453,1153063,553793,725773,596174,665116,665445,418906,650629,597970
Win017_C04,1088.01,233814,293862,575808,281593,316843,294702,282523,238207,285738,506957,263410,290343,243299,277032,191871,190894,302365,212327
Win017_C05,1093.15,151763,242643,220261,171336,190609,292232,143372,185067,184682,300570,230939,205564,125742,168763,162283,202200,178884,155858
Win017_C06,1098.28,17744,500058,95646,4089,19223,14,695,15559,20272,57898,3764,9130,3755,40734,34280,230199,6341,27035
Win018_C01,1114.01,557198,1220469,1206546,599180,401350,1036367,848586,504794,729603,1434559,1038134,678226,372478,697112,536849,442910,532132,428703
Win018_C02,1116.89,1144,247746,327470,160775,447499,485440,183869,125767,81866,933424,1211463,203222,71403,161981,268292,239315,442881,121044
Win018_C03,1117.86,318695,426788,654698,551861,717927,638996,330767,559091,551430,931747,945616,564774,312991,363256,706992,417641,540280,448009
Win018_C04,1120.42,194854,383163,199646,127314,138014,253645,229788,322699,122491,61697,157020,358950,199607,274831,281075,415802,164713,147804
Win018_C05,1123.31,1377704,2559924,3409290,1245362,1784172,2544366,1592175,1330167,976873,2551457,3657119,1657672,1182389,1743722,1189829,1184478,943477,690826
Win018_C06,1123.95,2944,305946,59279,40020,41006,144569,266490,131189,80164,17083,20369,25479,122907,83233,173564,220174,168835,150699
Win018_C07,1126.2,256249,237123,281274,238766,263248,293493,220056,277109,215813,250509,222370,207054,154018,160846,135846,213771,232970,123597
Win018_C08,1126.52,1705318,2716849,3878348,2102577,2394266,2599783,2806382,2161183,1649496,3461747,2825041,1980768,1238917,2417118,1869214,2221679,2451809,1343649
Win018_C09,1128.45,65656,441577,187006,265617,119384,211258,122805,173265,348782,448954,231776,216207,104097,29826,6603,69660,521305,104437
Win018_C10,1133.26,11653,177907,188319,96504,70335,224460,65399,87333,1014,268740,407389,75547,28780,141854,247535,291373,192743,35846
Win018_C11,1135.19,337934,704408,618451,599588,512126,832953,627960,635947,431902,731308,766563,596944,568003,524735,537252,740515,639919,456256
Win018_C12,1140.32,145722,429531,533884,102868,109854,246827,278124,36991,136023,102863,469188,234533,247084,686722,310853,177763,93651,119680
Win018_C13,1143.21,717863,537039,1254309,870646,796819,583298,578925,551692,554927,1215985,398257,680721,451506,611857,753547,402712,563406,539912
Win018_C14,1144.81,35664,68886,114885,54240,56546,66826,27915,46683,91603,120063,58790,52802,46261,89221,53230,41666,72789,19017
Win018_C15,1146.42,242248,385932,723874,313625,338684,266787,250562,228437,301243,579923,286455,304926,238839,330858,260371,216858,324161,217982
Win018_C16,1155.4,137847,190747,130432,161619,69801,155484,166618,110957,107925,187498,226122,135213,67704,115384,110250,90023,147897,54773
Win018_C17,1157.65,49861,69529,70233,58135,126635,58558,13918,63088,46896,71462,135216,62679,52521,36440,67617,56326,68775,47467
Win018_C18,1159.58,110811,69498,43497,22401,20546,81894,52776,33838,44936,20682,54775,21391,17549,22248,24218,22005,53436,40264
Win019_C01,1167.6,112896,184464,110336,110941,205517,216416,170905,110563,123588,323804,245124,120626,185482,31979,69643,83944,206700,224098
Win019_C02,1167.6,80432,64835,114655,132976,132847,115785,137868,142579,104601,154620,114239,126047,103628,55855,71522,76009,135014,195874
Win019_C03,1170.17,47790,70719,102170,39700,44385,46325,44492,77146,31740,64984,50962,53453,33705,92127,67401,48236,25905,36987
Win019_C04,1183.33,313436,321960,602785,256395,251721,448383,419906,287232,186470,720908,597142,359956,142106,259599,345380,222640,259549,179929
Win019_C05,1188.14,147540,145460,220942,114729,314602,104032,81458,189546,133474,125527,238412,204525,156834,199087,156267,136327,41998,91710
Win019_C06,1193.27,200450,26036,50108,37986,41676,28596,14018,55107,21627,28253,26674,8784,38743,106100,19278,34867,16468,14519
Win019_C07,1196.8,19821,1055,17571,72102,2772,45716,22976,20503,8100,35525,8056,429,55105,701,33493,542,18574,33209
Win019_C08,1198.73,496837,744588,1162465,715462,657020,799213,680679,464277,555248,1081955,532438,595306,443119,469943,523391,239055,726137,446437
Win019_C09,1199.69,54209,72351,220192,52778,142479,60538,69557,183721,88987,115281,116398,101148,119359,251661,59121,136285,44218,136915
Win019_C10,1202.26,188699,298189,628679,212552,275246,236808,219407,198522,205731,458392,266298,236896,231675,297532,194253,177757,225087,194613
Win019_C11,1203.54,81307,88208,162032,71055,56488,54529,60052,61030,119466,176819,50382,125718,64645,81212,54435,85438,85942,92885
Win019_C12,1206.75,24090,53199,64679,66317,58773,74999,30415,47750,43724,108259,47885,50598,28010,10131,73848,6518,41652,39008
Win020_C01,1225.69,1847807,1294800,1943449,1676043,1694468,1293423,1268948,1365452,1673188,3018468,1018846,1484878,757547,1438865,1325426,1085661,1603859,879207
Win020_C02,1231.78,318646,443140,437668,349900,288798,333125,35979,166519,168818,283442,460392,260158,200725,209660,344945,410838,271248,509761
Win020_C03,1235.63,270097,221696,369241,179651,446396,367610,267975,225267,249253,553378,493614,265234,238779,442467,89622,283970,167811,244835
Win020_C04,1238.2,819167,1391419,1365181,906430,809876,981442,1258758,1462081,737934,1458647,844281,874512,618935,704332,870513,684847,951509,806373
Win020_C05,1248.47,559032,103452,255164,136736,199117,128851,68750,190479,155338,216757,210943,90861,195559,197989,145180,150999,113745,80693
Win020_C06,1252.96,390953,615200,1439416,711089,581316,440200,586559,460935,472233,1042128,435192,569760,291929,666341,570263,385623,741708,446232
Win020_C07,1255.53,238840,431529,747826,335551,388188,339383,343529,291310,266660,568640,308274,314668,240668,365839,292929,197385,324179,238561
Win020_C08,1260.02,132645,144373,164292,228125,126627,88926,135737,132297,246531,603976,91814,105280,110457,98060,124307,189609,273932,214759
Win020_C09,1264.52,20032,48226,134071,48633,86954,48388,51257,126242,60757,76598,75626,52936,88326,131849,48850,71710,35392,81928
Win021_C01,1278.96,46241,271132,160139,88645,125230,272157,183636,138841,124017,213507,215227,194706,113296,100305,79065,118296,103347,87844
Win021_C02,1279.92,390428,7763,29628,31646,36489,14590,10571,43651,35348,14200,11242,6173,46149,35347,9238,15239,8533,15783
Win021_C03,1284.41,189153,226108,311797,81128,245226,354383,162712,205570,85432,130375,389277,296128,136565,302925,151295,262981,41048,69003
Win021_C04,1290.83,275969,366684,829036,338870,308890,340566,371477,278344,214153,520451,469768,275459,215921,366137,324262,171244,183672,248587
Win021_C05,1300.14,86798,85053,122324,83881,133256,138552,112417,365269,63634,104144,93315,94841,95981,85732,94612,110888,99061,79084
Win021_C06,1304.95,561603,681754,1315830,828672,632257,549798,652481,508214,678678,1410343,473212,615252,409853,591901,682817,378715,716269,519429
Win021_C07,1306.88,104540,265098,434460,186671,210829,167460,180732,153884,160092,350576,187536,173973,140528,179977,160533,108804,212250,124862
Win021_C08,1312.65,72049,92113,161887,83741,72969,51756,73321,51780,103956,173400,99569,78302,81792,96415,73104,55921,84994,58914
Win022_C01,1318.75,133981,138117,81846,71974,109608,134531,127836,168826,75846,125340,206619,164213,96624,144879,143584,230581,104459,77568
Win022_C02,1322.28,51447,50516,105913,73180,71110,103575,99403,91023,59634,97229,155863,87145,59650,70131,61121,82467,58717,16155
Win022_C03,1323.89,61245,32252,73600,34072,55470,17410,40996,68868,44368,85314,35591,58332,36953,73958,44072,66575,30032,91191
Win022_C04,1327.42,113514,88843,99202,33213,93650,116344,89718,92690,19314,61509,100536,134998,36866,188526,73579,132024,32508,51727
Win022_C05,1331.59,567623,921684,807925,645105,798974,941107,618841,617442,500373,753714,891811,653445,496346,702355,332958,523910,488085,438102
Win022_C06,1333.51,27715,273895,241539,36736,153830,450144,178239,59081,41038,234765,938441,224191,43104,91764,227251,349460,113179,27576
Win022_C07,1335.44,249548,117125,375972,248900,191596,237860,498461,225553,160837,284860,211266,217738,126134,237163,193677,162024,200812,157593
Win022_C08,1338.65,382745,424258,647855,358715,317439,350914,254182,300291,495272,1058558,423522,391108,371382,299845,414504,274653,590405,345035
Win022_C09,1341.22,1257875,1661627,2806710,1543311,1872627,2314342,1894227,1543181,1279418,2394777,1778246,1564868,1351723,1511062,1316545,1024829,1287476,1404129
Win022_C10,1353.73,226815,461929,714301,341398,375723,271316,366399,232475,242547,687726,246367,398559,289918,363620,305372,225440,416672,297176
Win022_C11,1355.98,142381,437008,755503,272443,304883,240820,249528,220861,240974,485456,291425,281657,169063,330308,244237,187724,300839,190510
Win022_C12,1358.87,96606,25733,32183,129596,17535,97863,97470,87674,235163,211855,9377,118725,57728,10138,116004,31731,232371,111786
Win023_C01,1368.49,17181,30492,7864,26028,38929,46321,38721,31886,18132,36016,14353,29603,30432,21747,14230,18353,33745,41525
Win023_C02,1370.42,26309,29280,40058,11803,15226,29865,35930,47711,14345,26957,58033,59427,5597,75887,20483,69282,16537,13344
Win023_C03,1375.88,42686,24135,35103,50059,49389,31377,39900,17585,50220,21467,69847,88354,17956,16676,5600,16945,26995,40726
Win023_C04,1378.12,17341,24084,42799,31605,43457,24314,17883,35713,15033,26598,22955,23392,36495,67328,16928,28388,12581,23143
Win023_C05,1382.94,30833,35076,60729,41085,39062,14663,28607,42482,23327,29320,15266,23635,30253,75845,18390,37490,12547,32388
Win023_C06,1386.47,188058,54772,197955,76591,161025,82387,94682,246424,98692,104161,77243,148888,91957,237507,106314,201122,61505,119698
Win023_C07,1390.32,44990,135655,182331,66267,99691,120921,67222,51356,128863,119273,149546,81838,51620,122818,90407,41109,87599,85940
Win023_C08,1393.53,59958,19166,120637,49941,77748,52521,111110,51650,10398,22533,34820,53947,35857,54676,9476,33880,12812,5520
Win024_C01,1403.47,218853,611240,957273,415924,508817,377251,408626,312776,400684,763469,356682,364638,296272,537194,385964,225176,710316,277619
Win024_C02,1405.72,245079,213471,547646,381160,329607,259512,381008,223177,325707,628249,257685,257954,222397,337490,387404,222734,485747,308630
Win024_C03,1421.13,274650,324515,308195,282125,218632,263942,289448,143262,211305,255707,284444,281705,240663,253772,80536,78829,86544,152790
Win024_C04,1427.54,211612,90274,278833,263400,227936,143787,97561,163665,289128,679164,144173,235016,215159,152558,212580,68381,265508,180482
Win024_C05,1431.39,68802,15569,23038,119980,46844,31519,74383,64695,171203,218877,52611,132798,47755,28518,115209,41945,213505,107377
Win024_C06,1436.53,676773,1296545,2622994,797066,1095951,1383080,843141,1071254,750480,1364285,1219088,1004078,923174,1625960,955078,878612,819621,995427
Win025_C01,1462.84,80760,26492,417,23170,55269,71946,44997,58123,18459,23644,28368,38335,33017,27330,30945,30819,36635,24266
Win025_C02,1465.73,60045,59832,83578,43358,122829,84857,81809,108137,29594,84564,130590,171322,43985,206744,70494,116763,62082,51714
Win025_C03,1472.79,111355,68904,84239,58329,68171,80050,5518,80647,78715,93398,95507,68885,74860,74332,72129,100556,93173,174413
Win025_C04,1477.61,225582,112870,132744,88434,60258,67997,59536,38849,32429,119433,94534,36923,20033,33348,53926,76636,34199,39036
Win025_C05,1484.35,32277,119950,439767,81320,150356,115185,166779,144234,72286,177594,112969,175010,112765,237913,125179,123237,60149,92573
Win025_C06,1490.44,190516,156463,185091,50614,206939,298125,249210,322872,52132,210202,497246,423363,128172,441073,182941,552990,136197,87193
Win025_C07,1491.73,52160,284000,411101,112420,210834,74711,73794,15144,145740,291015,54862,71273,113653,191723,104776,1094,104316,147421
Win025_C08,1493.33,191058,878240,1132778,449543,670671,392656,477170,218998,448152,792872,447211,428600,336968,607164,462503,255357,813836,432965
Win025_C09,1493.65,122617,19311,41532,128451,34063,11804,99468,101222,317942,486689,286,194460,85950,1977,193641,4314,301593,187977
Win025_C10,1495.58,247171,207850,269174,269102,255264,428395,401108,493635,127304,305581,553154,399691,238294,263345,476595,555945,108745,187012
Win025_C11,1501.36,200083,280932,573941,328101,297885,129338,253617,239773,162930,536327,137791,236196,153192,270552,263282,137715,287859,255061
Win025_C12,1502.96,223131,386533,423287,530535,436221,1276742,1521653,1213105,800927,549652,1713211,1242053,1115364,1292612,5472,339082,626900,452092
Win026_C01,1521.57,95270,70513,70179,59724,49850,34483,54181,58564,190941,191783,112295,122409,44845,49679,182445,30561,198216,89557
Win026_C02,1526.07,116055,211892,382441,147940,143747,164649,180746,176497,178917,403530,165358,223204,151516,215131,194714,104607,186201,138769
Win026_C03,1534.41,104730,304465,510399,138277,241066,135867,172615,83521,121624,301265,213011,179599,136172,250036,124414,133326,94688,225131
Win026_C04,1535.37,41300,416073,638218,115162,239114,123094,177018,137534,148360,306747,207453,195444,141381,233627,182351,169889,170810,135276
Win026_C05,1536.01,392217,461198,433762,387133,309595,315999,386447,147940,245069,214324,287549,244710,256971,257155,142966,141827,168518,735052
Win026_C06,1544.04,37661,37403,104179,54873,43338,27534,42094,44124,41428,102885,36498,47709,5850,41902,47159,29366,59233,45929
Win027_C01,1548.21,19899,25785,8901,26454,24601,26469,25820,22578,20323,42263,22890,14436,23902,18525,31849,33332,26387,19517
Win027_C02,1553.99,281024,44299,8784,81382,48370,36846,3636,3912,106144,15107,26904,20993,1556,7860,2106,126330,21530,4800
Win027_C03,1557.52,9115,2689,2030,10838,1265,1275,2755,13245,25759,46156,2592,11252,8088,857,25290,1575,41542,14798
Win027_C04,1569.39,104046,341018,442735,133268,292504,529953,245622,222489,138015,332657,442233,261387,149314,219619,115203,263359,42667,167922
Win027_C05,1575.17,65715,43873,42076,24504,15432,63238,58095,84075,13047,31811,101264,142555,33968,113935,25215,132650,5900,3767
Win027_C06,1576.77,170384,1080296,1294677,383055,588357,412093,453254,314255,338328,653614,618823,530265,414403,861432,413969,462348,347361,445986
Win027_C07,1585.76,414607,367890,732999,479195,338524,197797,309424,328861,225961,510070,137629,332165,184899,322560,397042,194481,436164,314271
Win028_C01,1597.63,821,167,3069,98514,269,2426,16684,27610,200813,327274,794,5860,19517,1320,80731,412,121989,59880
Win028_C02,1599.88,42483,97763,125324,119617,63326,108563,93129,93592,159665,302025,78706,86794,83896,65584,106499,83074,221039,95751
Win028_C03,1602.76,55045,105753,254453,33950,134523,94737,84847,35133,3887,128198,299475,47921,33977,94085,80051,90860,49822,57545
Win028_C04,1609.5,83071,123049,218770,154443,212702,172400,121417,163616,133346,233043,192136,149398,108501,216161,221666,229861,219411,132516
Win028_C05,1611.75,47605,158628,81934,57240,79072,87729,68571,72000,44268,74579,124569,69283,37167,90271,64694,112999,59293,48022
Win028_C06,1620.09,77991,157661,209346,111052,50582,122677,132487,101795,186545,192408,26934,210401,46500,93877,183428,144446,153777,94317
Win028_C07,1628.76,91081,122556,224295,111838,210000,166133,119148,131801,190028,195513,117157,262788,119647,98732,202373,218270,264553,208120
Win028_C08,1635.18,916748,395512,352075,324494,194624,295535,198411,115095,423597,290340,307396,199810,138122,94766,3856,252730,200674,48610
Win028_C09,1639.03,32925,68544,37497,81232,51683,14710,96239,102935,398620,659614,35982,143511,86850,24951,93934,53877,360926,152255
Win028_C10,1643.2,261109,442213,1078328,776342,616515,507136,437655,613955,460988,778711,481588,613882,424977,1064520,399158,512396,513933,406492
Win028_C11,1648.34,180179,217730,398233,315221,494158,324746,211381,357637,380487,344287,237858,379741,196949,366442,285733,251268,399694,172990
Win028_C12,1654.11,276738,405222,831399,425575,545633,429939,370125,747280,337320,523896,408832,516297,260269,780681,608850,594547,418933,352234
Win028_C13,1655.4,127780,802784,938917,334517,518921,360121,484971,277061,219594,443011,501811,483246,409556,1045863,342956,450901,438868,488791
Win028_C14,1661.17,81313,765539,394135,166845,271053,572754,245582,168421,114725,192643,562619,363724,169811,284641,195404,218673,29872,71366
Win028_C15,1662.46,412459,685637,1202576,606281,1045752,710175,536352,804197,619481,926279,693122,601142,488024,1229918,895238,1040739,890806,544753
Win028_C16,1664.7,138378,365957,597339,259495,253173,146124,209131,152751,203209,338480,233927,248592,173548,313512,257693,201951,342913,201117
Win028_C17,1669.84,210419,8170,5767,127037,20936,39717,134162,166852,266064,531505,658,258956,101324,10351,156920,29292,259049,163780
Win028_C18,1672.08,89498,211581,389384,199936,143431,144302,101612,164006,105087,232636,131299,145982,86846,378182,204705,252577,163208,105722
Win029_C01,1696.15,161486,4928,9980,117256,8942,13419,42771,60450,254770,326647,3329,118112,60566,18633,147075,2954,414614,148435
Win029_C02,1706.74,114384,64163,234220,158312,48930,27044,94069,140940,39446,124179,16382,44302,30871,98808,66440,45811,82762,31686
Win029_C03,1716.05,284877,16675,4497,175933,22252,23199,147181,146242,347296,348492,202,270052,124859,13726,292640,15439,268101,114730
Win029_C04,1730.49,15747,17362,135178,29858,4165,4872,6375,23804,85255,451385,44162,50960,4751,232935,36566,498,51261,80988
Win029_C05,1740.44,127737,80018,106766,110405,164709,65920,112925,260369,56242,98769,137914,210316,138385,104129,152911,105393,103633,104796
Win029_C06,1745.57,56316,469799,589638,163836,251653,133105,185646,139506,129104,239457,240046,202960,165542,252443,151846,237210,142805,200726
Win029_C07,1755.52,53473,177950,202475,51531,70496,14339,7277,12811,89863,398037,13711,73592,25929,90582,16920,14032,51377,46853
Win029_C08,1759.37,128501,239708,362378,316116,339400,224982,255725,296519,170410,209496,287211,313509,89268,388457,261644,506425,158983,261188
Win029_C09,1770.93,25554,10903,45013,40955,7158,104632,55696,220,58751,12135,56250,5037,1012,10265,20547,276,47707,64927
Win030_C01,1788.26,23290,6847,41498,67321,16160,5225,6343,10739,22548,53399,32366,15751,3095,51201,31994,36470,38918,42459
Win030_C02,1792.75,138235,155352,332535,359314,533228,786241,598115,236236,198694,345946,281733,300267,199118,87701,220616,172345,291674,1563578
Win030_C03,1794.67,18516,3386,34449,19327,21590,14109,37177,56319,59994,26962,15707,98048,23243,108501,26758,69427,5503,72140
Win030_C04,1801.41,260597,272552,443432,260226,265933,247973,181750,313714,224207,285236,259223,335352,182683,376781,209687,246257,176091,188929
Win030_C05,1817.46,37767,51516,114557,28821,68398,122109,146650,52451,95148,37123,59655,99261,70826,33215,17133,41786,153826,472970
Win030_C06,1821.63,338829,306947,289708,225967,293936,273617,209617,247315,161231,214125,283946,190745,106086,313918,236558,335848,261110,155524
Win030_C07,1827.73,44125,78473,36960,48238,43097,112421,69704,61534,61413,85377,49008,34069,110712,71236,12302,30315,35651,73097
Win030_C08,1832.54,108624,43943,111204,83444,216686,29886,39671,209132,73830,70985,63734,9843,22505,230757,219462,54872,36515,16584
Win030_C09,1837.68,43648,44112,84619,122638,329504,340191,229171,138088,82722,102737,143677,101981,795272,372338,18467,72186,123660,782295
Win030_C10,1847.63,13788,122427,143192,30707,46078,55924,58651,16374,18615,45665,57123,34433,26816,96264,12115,45896,51305,48323