Window,RT_s,RI,X201,X202,X203,X204,X205,X206,X207,X208,X209,X210,X211,X212,X213,X214,X215,X216,X217,X218,X219,X220,X221,X222,X223,X224,X225,X226,X227,X228,X229,X230
Win001_C01,114.03,-99,60983765,58853708,63599805,34824256,44931097,55385167,52491308,42323213,42975441,52493698,48708694,52406823,47981261,57530535,69455114,58503435,59593232,44379752,65454474,40939938,65396534,66691622,59057968,49146797,46736261,57869040,66362799,54647960,66249794,56912928
Win001_C02,117.24,-99,1255146,875784,1134579,762974,814103,838033,770413,812337,1102585,849553,830230,986809,852552,926805,2095238,892790,980941,851412,1078594,728390,1019647,1156016,1021893,872420,1008062,1056921,1300781,917063,1482566,942976
Win001_C03,119.17,-99,451537,497077,437978,209215,378984,313016,349358,345892,279334,445625,332661,309213,413204,465835,372216,563147,485796,406388,352529,252322,442149,462490,452498,388756,367165,377466,497951,501676,437997,400983
Win001_C04,121.09,-99,1837017,1488320,2016185,902074,1126056,1500614,1283361,955538,1143155,1174030,932610,1493605,1154702,1603206,1467246,1349177,1632726,900972,1587974,1337041,1870267,1682015,1606263,1170597,1172678,1335699,1683066,1469522,1782180,1148504
Win001_C05,128.47,-99,2080893,1966050,2287303,1196773,1606559,1622790,1538500,1666552,1622941,1843961,1521210,1737916,1794164,2436027,2484080,2375067,2193978,1812960,2028198,1639410,2292786,2454485,2108953,1811807,1925231,1944663,2668944,2195168,2459077,1931673
Win001_C06,129.12,-99,706895,614125,672101,347888,413699,2340431,1864914,641969,584718,630472,407174,422507,492190,694659,729371,722147,742258,568947,529520,438557,604754,612897,796764,589684,545599,582077,744579,680909,734498,526329
Win001_C07,129.76,-99,2847953,3452277,3191684,2156131,2736956,2767532,2269964,2434261,2712345,3530337,2137721,2168639,2983413,3383826,4376679,3422153,4066670,3201406,2933665,2547533,3050466,3304741,4300123,2975943,3102927,2944515,3614397,4192104,4227894,2856493
Win001_C08,133.29,-99,1744992,1845259,2059383,1230054,1382005,1784577,1967444,1551181,1384038,1183341,1194839,1981153,1731592,2012362,2028724,1633971,2113675,1111062,2193728,1446287,2354587,2254622,1654286,1500141,1548811,1543160,2319233,1249006,2411743,1363024
Win001_C09,147.73,-99,2983964,2920049,2980974,2120512,2417387,2902565,2215424,2426099,2127787,2683425,2284490,2606380,2796804,2879284,3143085,3257905,2938343,2415059,2794593,2505253,2610230,3211561,3097154,2422709,2686146,2631737,3288905,1909438,2969849,2520996
Win001_C10,148.69,-99,1483766,1279762,1554655,694861,925014,1248148,1138499,984966,1039779,1100351,869797,1130241,1103304,1651105,1441625,1494426,1315390,1099194,1215657,1003226,1563653,1651080,1464512,1079189,1136001,1207505,1805297,1419928,1555241,1155401
Win001_C11,152.54,-99,5340924,5731505,6502412,2262058,3102477,4802407,4559097,3287772,4505154,5180740,2384471,3550536,4355117,6770489,5938612,5122916,5953231,5232796,4207430,3384010,7955381,6425044,7230443,4776147,4466002,4210262,7141455,12966587,7161941,4041660
Win001_C12,161.85,-99,836583,892671,776109,459324,571933,754679,691429,605611,477143,725088,585935,896534,688217,859641,725472,777408,976207,551053,833493,665867,708122,864198,657204,726463,722472,729835,972274,656707,873869,696635
Win001_C13,169.55,-99,2099074,1423239,1790205,1010651,1449009,1469128,1327465,1209457,1095156,1327867,1142031,1473161,1210194,1332196,2166743,1770484,1753603,961435,1405265,1306133,2155805,1835419,1259988,1079520,1059557,1494045,1686495,1560904,1906711,1668345
Win001_C14,176.61,-99,777370,1073539,993586,500638,646646,877652,743287,448606,686963,914590,518903,556029,684016,1270805,1035774,1078036,1307790,1011024,694504,649996,1025672,959080,1363002,745778,869656,879403,1025221,1371265,1186396,961360
Win001_C15,185.6,-99,1134580,760460,853947,394951,707477,639715,687194,672835,691011,873777,329100,743093,798121,947105,921986,693831,931815,592346,771293,602627,801171,906706,759037,875517,752709,697608,1027012,772741,874282,759549
Win001_C16,188.49,-99,768186,549480,627221,489821,400729,537731,582845,511148,481880,514217,453038,498545,619751,616610,458251,584710,467768,567415,579667,551238,632682,575937,491997,591910,546334,611335,633158,431566,582658,563427
Win001_C17,193.62,-99,696500,789080,782135,1142,5165,573760,348040,271906,428692,358076,205974,380817,408068,938107,853846,744724,727727,291638,498375,343188,818585,912656,880917,364095,581216,459878,668978,842709,965034,385939
Win001_C18,199.72,-99,355642,342312,421969,183453,231024,305148,266230,204470,284418,298317,190670,256414,229223,407413,442561,422969,281634,263464,311459,228464,395336,418647,373170,260594,290537,309394,500759,405907,421073,323817
Win002_C01,225.71,-99,2378415,2150484,3279768,1233080,1696332,1832859,1668729,1455141,1562523,1890837,1731899,2064218,1581562,2055666,1972549,2565861,2107638,1224634,2100686,1728737,2536297,2258319,1798959,1525097,1548195,1900619,2221881,1778499,2189260,2583594
Win002_C02,248.18,-99,932963,1256954,1305447,127662,251823,1193459,897134,533144,820997,1337222,92734,752474,744013,1387565,1228991,1126338,1778367,922035,931543,893569,867862,1220470,1944292,903671,1281352,949324,991249,1941700,1349225,885668
Win002_C03,255.88,-99,1261827,866992,1236610,5163,1669,933456,658947,648,692096,792462,971,1159,31,1247662,1315439,1150108,945140,800966,835641,3080,1201875,1296985,1111893,691027,923324,802873,1765049,1252809,1491677,949300
Win002_C04,270.32,-99,297834,216810,255328,11990,195991,277543,259789,205179,281738,284604,98589,212171,278706,278397,230004,327458,213321,178464,216106,261632,261712,257877,258994,275337,287563,244062,217179,214196,225708,274957
Win003_C01,284.44,-99,1439025,1147076,1929477,0,111749,1455526,635735,83593,632092,1351338,17177,229535,456132,2164003,2781956,2179971,1520483,1531233,1479996,338212,1901243,2502032,2210633,773761,1401476,963605,1038363,2007271,1865183,2066355
Win003_C02,289.58,-99,1059698,982101,1294601,859107,938186,909711,604328,1145259,700081,471686,901144,892973,1052565,906154,571242,604598,1924698,500596,766974,1074706,709783,1023663,928718,830542,1411949,945064,1007413,735911,701589,435366
Win003_C03,302.73,-99,1101717,1271518,1245037,662530,843798,1042342,939271,856415,719897,1110509,908388,1163166,929168,1218815,1107316,1257923,1201728,785193,1261551,879864,1109206,1268159,995941,878147,964834,1065174,1256106,1050578,1322599,1146658
Win003_C04,361.78,-99,343508,590716,570919,89678,247457,626171,244781,204469,296344,481874,118607,149235,294769,637726,990067,742326,719549,378832,312551,300497,538695,669646,898452,322208,417677,364771,510018,825656,798796,396344
Win004_C01,386.81,-99,304872,331721,406202,115879,162761,373928,191533,134103,181592,268640,138343,170578,231013,374761,447480,419118,372555,214151,236908,184815,397488,413806,396827,307106,313841,314974,276086,376549,262170,320710
Win004_C02,390.66,-99,1364444,1631616,1875326,873093,1163939,1246123,1311558,11717,1438359,1673680,6611,1321406,1280753,2038421,1667014,1170986,1708230,1532783,1678399,1373975,1979869,1955935,1499209,1290952,1517875,1336612,1847618,1937339,2033217,1392607
Win004_C03,404.78,-99,1790957,1769557,1717784,385872,948727,1868503,996590,806820,1289177,1525182,626268,883467,1271140,1858061,1811952,1661351,1855099,1204263,1584492,947778,1743320,1827517,2156548,1084989,1863766,1244456,2002250,1703412,1829570,1499881
Win004_C04,414.09,-99,828568,890389,1389568,10943,391341,816455,555253,329320,301606,726816,486537,640757,530332,953797,2316378,1069443,1300748,268771,1174575,430244,1834035,1355625,1088058,461783,606479,1101308,1119241,1165076,1303045,923653
Win004_C05,417.62,-99,2119450,1592110,2038074,903433,1354699,1486668,1659363,1270919,1688747,1568164,1011079,1370947,1243160,1727938,1769509,1704795,2150033,1763149,1360006,1399366,1910810,2028338,1776769,1215866,1431452,1457281,2420741,1829687,2375656,1411643
Win004_C06,424.04,-99,1808982,2257212,2707041,824972,1311376,2150375,1670032,1307048,1546455,2311570,996098,1376793,1625145,3315303,2427860,2031718,2537208,2055641,2013926,1782391,2700378,2601409,2820349,1908901,2003068,1919874,2827482,2912322,3197280,2003474
Win004_C07,437.84,-99,367783,549053,439734,215377,318786,397990,264651,284128,205189,517440,385699,396327,352834,418909,341737,401540,503684,264181,409135,329044,339070,425269,426244,423512,393299,397321,473958,341064,450605,449882
Win005_C01,457.09,-99,195526,252241,278715,56613,112807,268307,143810,62161,142273,251244,57513,88869,121184,262610,383708,339929,277825,145544,201629,80193,299929,312392,338184,139648,205383,237701,312003,291329,279321,226504
Win005_C02,461.59,-99,160426,109664,119120,98639,135699,112520,118159,129206,114762,103296,101917,134641,142115,110116,182378,112281,134272,98000,129895,123950,145530,135234,89765,116389,94211,134315,112692,112407,117394,102080
Win005_C03,464.8,-99,1043687,887143,1163957,436810,684091,862727,882845,558754,787819,815408,501598,625528,612431,1149296,938626,1114881,1078227,1134799,657580,714818,1057037,1025570,1024809,784745,687683,781455,1307030,1086678,1223437,876214
Win005_C04,475.39,-99,227306,248589,307908,2954,179573,225077,207682,4250,170750,250984,219764,196852,195193,247553,321051,271038,298416,158505,272790,167469,278924,270040,272955,184712,236361,242141,304009,293186,320479,293754
Win005_C05,485.01,-99,150454,77004,154549,25,39,87022,22,23,154,58994,3,46,31,88760,340216,115719,142898,52,68633,8,107624,134298,111886,33718,68375,73368,120748,170425,166027,110127
Win006_C01,497.53,-99,1963418,999648,1544324,139273,839991,1091613,972012,116349,899934,711284,182152,1191415,913341,1527300,1281728,982284,1306390,868574,1235862,1219962,1540138,1425487,1267770,859198,637110,1210678,1666223,1134329,1486026,588228
Win006_C02,500.1,-99,3149457,4527146,5125214,60953,2742410,3871150,3102833,2554257,2522812,5547426,6330393,3128782,3153573,3606469,4736510,5721858,4343408,2861961,5179893,2564420,4695326,4274504,4278899,3134709,4406773,3962991,3648175,4859848,4747407,6892472
Win006_C03,526.41,-99,1537239,631814,1084982,458154,812414,239108,1423797,1147359,1232827,730597,975976,1111207,998596,989807,1065706,412980,705992,862363,1383015,998228,1008390,1565618,208715,1023114,1350753,1102453,1794269,843723,1363058,1409063
Win007_C01,573.59,-99,829229,700177,541721,921905,969169,632633,847227,1068872,1043160,766182,830222,1022959,1115000,616526,489618,574258,425552,910030,937915,1007505,456888,624669,302285,1013536,798695,752441,386444,486925,476132,692810
Win007_C02,580.33,-99,1430423,1564459,2035294,121734,1226000,1972345,2088277,930722,743059,1330646,855247,1087388,901279,1211135,3110938,1073433,1460184,690878,1304165,950974,2142206,1648846,2609705,1010229,797699,1940750,1689651,1246779,1617953,1885666
Win007_C03,589.31,-99,1577766,2991924,3552121,814,1382512,2016043,1801671,1280942,775175,4602390,6342759,2019588,1388349,1977488,2989594,4576744,2564279,1153904,4416554,1255217,3673078,2984979,2076318,1125262,2245939,2118103,2065695,3394622,2750594,5116053
Win007_C04,590.92,-99,4432951,4021477,3915260,74770,3519380,4604363,2820086,3912376,3955876,4509213,2839695,2979572,3483314,3767666,6616554,5356384,4168222,4038689,3873023,3239657,3518393,4193190,5167449,4209433,4994442,4403389,5482324,3690536,6505996,5933055
Win007_C05,597.34,-99,2265940,2050769,3067640,435369,971673,1649300,1807283,1473247,1583918,2043473,962136,1666640,2116266,2558588,1367265,1830609,2289256,1716816,1708835,1353431,2884260,2637795,2354727,1477954,1413681,1650492,2923721,3158466,2641287,1438785
Win007_C06,607.28,-99,1888030,1040078,1805625,497665,495144,1136453,1401621,832219,1220122,1043394,553393,1409072,1056016,1832086,1019598,1185076,2069489,1345575,1455591,1094092,1515923,1947254,1359620,1255114,1519213,1140552,2032631,1923643,2091575,877982
Win007_C07,618.2,-99,1326040,1076168,1335494,5629,981727,1393718,1066104,961564,1322009,1180799,811018,886627,1164808,1369668,1610278,1535786,1289637,1330336,1176022,1046115,1345574,1392249,1520514,1150182,1606935,1257385,1782012,1325512,1794098,1329255
Win007_C08,625.58,-99,687267,459436,1547766,772,9735,437619,2287,6952,21080,240831,32518,132480,42083,836146,422413,550386,1108675,337,337229,32151,1401697,1013968,1046605,59121,151283,261331,1117327,1438536,1155073,279131
Win008_C01,632,-99,2327,2441,1726,588350,2130,1803,1703,1971,2009,2229,3020,1452,1550,2506,2583,1741,1375,1614,4109,1616,1311,2070,724,660,2214,1923,781,1307,59,416
Win008_C02,638.41,-99,198106,234012,294087,30947,83755,170017,173359,82967,96354,200723,97977,189339,160851,273700,232444,246955,283066,103899,186608,100214,329421,295994,296222,157898,109820,190853,291409,214684,235203,189849
Win008_C03,644.19,-99,189252,125805,212133,99311,96764,144843,111323,141579,98132,110655,100668,113227,164781,172169,114196,126797,211458,63935,93743,126264,163446,178192,131060,106928,162176,126066,191227,172088,164680,99266
Win008_C04,649.64,-99,121603,212323,153234,113965,217789,138006,100696,128228,72505,129494,145676,171835,114520,178486,401255,125266,205139,93749,169210,151721,163690,136512,136942,156638,115319,160698,136147,162535,176171,247678
Win008_C05,652.53,-99,455751,233418,276718,351926,464698,208745,324384,351045,313458,319005,249192,161512,299434,206904,740697,291579,320734,270217,326702,195291,359317,313825,294733,222785,334771,271218,463311,322369,383574,678693
Win008_C06,660.88,-99,438506,589375,666308,226007,372471,486036,399158,356763,299443,796786,883204,402920,360997,483214,662809,802647,553928,341195,764231,335667,677826,618329,564424,434890,474350,477529,532032,638469,658783,898340
Win008_C07,665.37,-99,102944,126420,113790,100780,124358,116883,110086,121739,142609,85818,65538,117249,156891,119020,144619,95365,159498,111712,121794,122593,153757,113962,136713,118855,133207,113767,124736,116932,159077,109591
Win008_C08,668.58,-99,69186,9599,19190,2513,82,18857,10539,421,9980,19106,7811,9297,6105,20567,20320,66250,21138,3237,10369,5713,29174,22914,40583,11440,8534,49441,37557,28774,37900,49204
Win009_C01,671.79,-99,210997,125913,92314,1269654,411178,52478,141534,398551,144461,112371,195338,231743,137141,58812,91646,41361,44901,175872,250782,233117,75512,48082,32330,115953,23662,93513,15519,35670,43164,75851
Win009_C02,674.68,-99,288668,205767,223389,58177,188989,167161,160663,124988,144480,136916,178784,114250,161819,171274,186453,196511,163774,188534,147568,136235,189554,137423,226135,150977,123079,188835,164060,144433,116579,190906
Win009_C03,689.76,-99,468247,440864,516087,367489,405241,419226,361972,502545,370399,230235,356869,428391,485890,405753,290067,289850,659679,248066,405805,465944,291779,421078,391293,418555,597659,412967,427418,361612,302776,201944
Win009_C04,692.33,-99,3632016,4866539,5676545,1936771,2897550,4235261,3392404,3023080,2569565,6342504,6216402,3720526,3128046,3944318,5877565,5902181,4996782,3053318,5687218,2797352,6316152,5229214,4874551,3319613,3972522,4270668,4668568,5716872,5653544,6359777
Win009_C05,696.5,-99,305096,320657,363295,155183,153314,284824,242804,211489,191797,278463,140767,245076,344080,417652,250773,318568,313184,266926,252959,264636,297330,306702,324880,266875,229656,264484,306973,297830,260223,232857
Win009_C06,703.88,-99,1426945,1137276,1661904,313024,597872,1027024,1460365,773686,966058,1038597,582290,998528,1283166,1577009,798034,1220462,1983191,1030997,1145660,974576,1355329,1717167,1426229,869012,1679425,1085025,1910227,1539632,1500906,940670
Win009_C07,708.05,-99,1530823,1257417,1193638,687395,1196411,840480,1512157,1408432,1423812,1594065,1181810,855343,1274242,1488874,900654,1344556,770709,2166028,1199147,1116364,788528,1156809,1174732,1022907,1477798,1041925,1363335,1387438,1168008,1490955
Win009_C08,712.22,-99,124483,297451,121885,1108,16314,155281,129498,7320,89713,177766,306553,185718,24474,138559,1909301,72657,354255,155394,401574,59599,429279,284101,119624,3868,176300,165957,183356,173447,225847,473937
Win009_C09,715.11,-99,595601,892231,776828,560690,408174,823340,1076345,511754,962574,1294456,564827,510666,1190249,1094712,310016,705232,1223596,531495,420101,800387,508627,699556,1475816,1742578,859652,831526,919538,1255417,1243525,1039818
Win009_C10,723.78,-99,482116,665786,784997,4336,374981,534872,479730,280607,293592,985716,915669,425145,408971,512271,933674,956076,648507,417612,858172,288946,1068094,713816,668096,320792,489535,518701,674058,1122841,876769,903988
Win009_C11,725.38,-99,482971,513587,672349,348576,413065,454074,265996,538838,267904,268440,414251,438070,454502,429354,330101,352443,855395,257813,395037,480501,346858,475590,459212,352926,615861,469628,529179,334563,355543,235342
Win009_C12,726.35,-99,1068139,1047943,1318401,775362,835808,1062483,543949,1143691,696787,439817,895193,794488,1113412,929009,573149,588724,2085193,522067,792173,1060685,593552,1018481,1057765,872187,1518026,898668,995859,685117,569192,457792
Win009_C13,730.52,-99,351673,401312,419517,206030,359586,374840,280306,268662,264181,500465,494063,295547,254141,310696,566041,498324,401619,333468,449998,258586,513400,402152,395196,306488,323781,344897,435926,487017,483684,557482
Win009_C14,733.08,-99,179762,180259,231050,35667,56945,161771,161166,70669,90772,185125,91655,143807,123466,273329,217593,237604,223864,127631,211329,85855,263287,265972,251560,133205,162003,158247,289524,266921,276693,255165
Win009_C15,736.93,-99,192448,252124,331899,99038,126483,311218,90284,68896,97050,144891,181804,71949,202503,269973,135905,236115,480300,106611,117831,121519,205967,288712,404080,179240,464495,238022,377328,221474,219960,156906
Win010_C01,744.64,-99,203717,301593,244088,206657,245474,240343,277736,205687,278485,252657,212905,248235,294810,325090,292876,236478,305088,261756,268723,260465,313549,310197,290679,274542,330497,270098,305616,343588,334408,211616
Win010_C02,748.49,-99,111334,99834,114577,137983,164947,172653,88004,110131,95770,81208,47610,92779,109743,114530,218614,250154,192402,103789,90019,63279,160974,125855,195448,99965,117823,146040,119400,103452,152945,85019
Win010_C03,750.09,-99,235114,233950,310386,215073,324530,327210,207739,279717,322575,219844,151289,205091,268509,281708,301720,228401,291894,298606,264199,279356,349092,272792,353839,236208,401582,253816,252331,276768,366636,218368
Win010_C04,753.94,-99,70617,84467,103662,39254,86548,95870,80208,80826,155052,128819,118026,80635,60396,99906,128531,102216,82465,153058,244360,88449,111302,148693,101851,77139,264074,78006,132437,105284,148941,162226
Win010_C05,758.12,-99,108841,119554,130150,37260,46755,98648,74581,29109,69759,64637,37787,87986,74172,111465,74379,79528,98346,43929,86944,76732,122186,109364,120134,72121,70818,83725,103481,90544,115439,55179
Win010_C06,761.33,-99,2444894,776714,1008914,578146,922546,850273,2364577,1875596,921640,977778,712858,1214648,950019,1038676,1369625,987826,1144988,1438733,996739,795128,1775341,1145578,708551,935839,759150,880688,1244153,873303,1086505,962186
Win010_C07,764.21,-99,1479936,1383464,1333688,923512,1220951,1204266,1330281,1036237,1487532,1641428,1441086,1191764,796866,1327345,1574852,2148242,1135896,1489562,1662303,1155228,1310541,1716910,1166100,1415407,1627456,1480602,1802828,1373038,1779771,1640856
Win010_C08,767.1,-99,410510,427240,553453,303512,380798,447544,264915,417734,308084,255502,389335,343194,465880,408967,296937,302382,825925,209836,308353,397041,279879,461881,463972,388386,660149,434770,487392,331644,310396,278364
Win010_C09,769.03,-99,1359165,2099232,2287140,81,1077029,1698011,1724795,1178413,1272091,3640686,4757899,1428243,1242814,1712816,2785182,3403804,2081528,1485874,2957884,1249915,1859247,2107596,1954236,1487782,2104545,2141180,1991611,2502960,2630611,5536113
Win010_C10,783.47,-99,338899,390090,369193,175396,284235,318038,253312,274600,280842,288121,269053,359293,257263,347238,393094,410291,407315,259158,334935,310680,385251,427762,293940,263450,372697,311490,381816,283509,386989,304191
Win011_C01,792.77,-99,43993,253825,173699,9874,60813,133911,131271,99809,127965,70272,25113,97690,64058,90320,69607,80776,90666,174275,50570,74063,977865,242027,85948,97946,102855,140873,136271,512833,209502,82429
Win011_C02,794.06,-99,743822,432829,478232,307027,519349,450195,426628,412975,467877,454580,442548,371733,434779,354913,532418,332429,272999,484103,458350,388748,275478,350504,381039,371085,298236,436189,272310,205004,363583,357967
Win011_C03,798.55,-99,1605028,2364085,2748473,820023,1463237,1967666,1615535,1395747,1118204,3527498,3300813,1781985,1433118,1834001,3014025,3134016,2261992,1486797,2827496,1332052,3205315,2466808,2383094,1369568,1613041,1872970,2089008,3479979,2719949,3167257
Win011_C04,803.69,-99,761403,880091,1120374,657212,901005,1221765,571872,760308,804503,864261,734137,718076,999389,922479,1206963,807376,1362751,768127,780406,829075,1023161,1043948,1268266,1102935,1216531,1054890,1244537,773486,751302,777628
Win011_C05,811.39,-99,4767068,1618791,2059051,849513,1510019,1383861,3794603,1829753,2199287,2021632,1245799,2124302,1525944,2445430,1615897,2489627,1449742,1923940,1641388,1409504,2157321,2685055,1626767,1514605,1687876,2219243,3056962,2948789,3151680,1714332
Win011_C06,819.41,-99,6346406,1911936,2607423,2012347,2428992,2019645,13750214,2904505,3794026,3190770,2186735,3232732,2053739,4056497,2979464,3402150,3113714,3621926,2462075,2237590,3274302,4936414,2225065,2804833,3615255,4639805,5695437,5097304,4839131,2287347
Win011_C07,822.62,-99,355075,439754,549435,35810,293036,354207,498493,229331,241149,663701,684361,333277,253926,388142,649510,660405,486347,280231,492109,153140,608519,539481,448121,231055,402476,511359,531432,587506,653289,846611
Win011_C08,825.19,-99,1773115,1496689,1689366,768379,1196106,1291718,1082322,1064071,1151084,1223872,990828,1370573,1075057,1504656,1389605,1162237,1580256,1072300,1534178,1291573,1369964,1387650,1477170,1114426,1000907,1154186,1330718,1326198,1423555,1007674
Win011_C09,831.28,-99,994687,1664625,1718527,596,570682,1160082,933604,916,710217,2312022,3017386,917448,380,1161623,1652258,2904281,1287102,922135,1944961,187,1472553,1433040,1273546,1010956,1103898,1530206,1365913,1628076,1995891,3875757
Win011_C10,837.06,-99,1146303,1143158,1673137,713368,794106,1469609,546835,728710,710968,494101,948964,560546,1309018,1222996,625409,902073,2477387,571082,575914,815713,786779,1406838,1606550,912796,2376316,1197664,1719251,989189,805271,552256
Win012_C01,846.37,-99,1028653,910922,1391330,595655,825221,887642,492596,1033006,506965,545868,764505,864350,817487,806785,679077,682157,1485480,490287,694699,825925,699702,864427,811008,670255,991408,886965,993754,578501,671676,516617
Win012_C02,847.33,-99,7889587,7964260,11802094,6134238,6424534,7938636,4321200,8574803,5268186,3551352,6471462,6323376,8773890,7701889,4738590,4860024,15369596,3965059,5954637,7765341,5516849,8161634,8080755,6146241,11462340,7333660,8495591,6147042,5073487,3317563
Win012_C03,859.53,-99,11263275,15546382,18731337,4303474,8463327,16623033,10629365,511667,8365861,22255677,26476559,9284654,9308662,13092788,20582027,24367600,14503140,11079317,20225417,7551043,18121411,17345183,19468185,10817178,28429994,14227918,17982683,18842566,20259053,32352762
Win012_C04,864.66,-99,59958633,33313332,53017892,5607123,16357956,30687133,47606361,65967181,59545031,32625504,3089922,28439453,46047899,54917893,43435275,43152785,51217894,42364026,43301121,24504121,45164313,55614072,44307173,26217071,51231404,33696078,71480384,53836913,70567176,32526116
Win012_C05,870.12,-99,655704,538298,500673,242497,249370,861798,603057,225440,606084,432328,107385,257986,847767,529150,729164,395052,779566,549352,390516,370470,750229,662873,1111725,504449,759510,556753,914965,963153,1081654,432357
Win012_C06,873.97,-99,2532787,1845037,2456591,1074204,1509276,2338997,1822560,1576396,1826316,1769819,1162623,1302204,1930220,2503321,2200591,1942886,2239059,2363395,1537845,1451118,2236078,2115857,2523040,1795423,2011096,1861952,2986820,2258362,2584518,1659919
Win012_C07,892.26,-99,2287367,3120650,3877043,133588,242712,2290098,2075109,1205895,2101273,4433420,6601440,2008383,839831,2455070,2461281,4661285,3306436,2132870,3668631,1819445,2540696,3055036,3003891,1850673,2493102,2606889,2676949,3151599,3958346,9300470
Win012_C08,901.25,-99,1493470,1781185,2170260,419949,841410,1619126,1220671,775599,943634,2574322,3925617,1080087,925363,1429440,2059857,2846704,1877746,1102788,2087470,1044509,1757007,1823739,1957264,1192710,1676857,1803590,1757288,1940025,2189304,5157805
Win012_C09,926.28,-99,315175,353831,471475,155414,195111,276001,256429,282653,258187,231763,316250,244421,249892,319733,273482,265404,428419,228319,217322,254379,304386,326463,269697,237468,296618,335106,393141,285098,305362,254449
Win012_C10,935.9,-99,9741196,6222587,7235047,3351887,5556640,6381772,7550455,6449832,8695195,6046500,3601006,4985727,5998419,7029498,6176199,7292560,6377461,7289349,6641847,5006729,7041085,7221509,6770464,4840748,8841389,6050542,8736984,6379975,7935343,6568909
Win012_C11,973.13,-99,149612,310968,327533,1660,144545,281115,283368,132842,202943,190481,71474,178190,140589,217447,152602,135690,211910,243185,159141,117592,1377939,339484,233985,143710,184035,183451,296134,837041,320308,166330
Win013_C01,980.83,-99,547297,723414,816259,354490,518627,698026,631571,589047,730982,469471,355775,614759,754543,757471,625253,502607,685894,665653,679205,631136,1171889,772276,817955,788999,734474,612096,909901,904208,914012,507062
Win013_C02,990.14,-99,342077,241527,417417,3479,187575,260657,296227,185867,201221,214175,159196,287066,196207,317472,310502,307424,295031,182396,400905,190223,564172,510178,264040,228873,204704,232603,388901,264993,326716,207631
Win013_C03,997.2,-99,140589,198497,262171,15038,7132,154189,89743,126644,132298,100236,22755,121262,75055,152948,66368,82743,162393,214930,84346,93718,760589,292631,143088,84471,129962,138890,141676,409947,279800,102927
Win013_C04,999.12,-99,327025,246190,330303,135912,247707,254496,205854,274774,207000,245365,253531,255965,210153,284067,349309,272554,291549,202030,296236,222553,288502,362312,245917,385814,321710,308044,446396,210522,282647,305802
Win013_C05,1001.05,-99,142335,301449,561301,238565,188409,303921,68694,607619,218980,284008,286089,151319,449697,324277,138060,105647,1243943,169873,172451,529238,134389,217985,473229,257914,472539,396837,344078,208404,242809,118739
Win013_C06,1002.01,-99,1042284,770923,576659,552296,587045,992337,550152,586945,945982,362820,102334,688464,875964,774695,1378700,488296,623439,791810,770454,663914,880441,780990,1210050,790567,642306,627203,934689,607353,928704,780311
Win013_C07,1005.22,-99,1697587,1359484,2077307,1384568,1268632,1844285,1034960,1231475,1299804,998646,857272,1732023,1403653,1707205,1615734,1027364,2601184,1063355,1612331,1593317,1641147,1343186,2152859,1186788,1156458,1553605,1833206,1461678,2013073,909658
Win013_C08,1008.75,-99,510312,592601,551040,157462,202734,420539,491440,437546,409439,360973,376946,473479,488136,563100,149223,461131,691968,288777,426808,444806,653876,645707,600936,343205,651850,314941,679073,824144,600529,289206
Win013_C09,1013.89,-99,109095,227288,222691,21086,180107,201927,226658,199735,121507,660309,801606,160460,162135,153034,742000,495479,319073,185474,492798,82842,250454,212699,207972,90149,129495,290966,222502,302570,394305,854049
Win013_C10,1017.42,-99,342033,445908,447605,36376,189260,448040,328049,211764,360251,382713,93379,236292,278366,359845,261435,223974,335666,283567,344536,193784,1112508,563962,305662,252238,291186,277795,426835,805360,458399,258388
Win013_C11,1023.19,-99,508737,718223,651805,554670,647764,593553,659825,531716,667219,487175,507830,645980,746161,792674,667903,449062,991591,487101,560580,650112,770622,811117,744071,770090,691773,699524,679081,790226,732946,523860
Win013_C12,1024.8,-99,145929,196980,272270,113037,99381,86216,160274,138715,151902,312931,174365,95185,230305,185237,158721,132878,365864,134228,64136,209532,184914,91291,366975,279011,229739,216914,176125,304775,192835,189121
Win013_C13,1027.04,-99,164675,194762,178915,107067,144697,187040,136192,154704,172193,176494,136209,141781,202155,239238,188417,139180,253216,149432,177613,156530,269263,209545,267374,197520,202849,203482,194746,234719,230644,161556
Win013_C14,1028.33,-99,163630,456918,133435,145906,208016,290550,457818,128399,182277,287044,150373,600713,355658,412440,200636,399593,119943,193282,488450,281906,83825,586544,126907,605042,188529,150618,474241,282164,643889,447141
Win014_C01,1038.6,-99,55356,59649,56802,31160,40948,86381,48829,43993,38758,56831,46763,57885,58744,60876,95395,107852,71197,44093,55687,46481,66037,64166,57534,29083,40751,54219,81599,82523,84216,61025
Win014_C02,1050.15,-99,483088,306685,506491,189240,272096,304458,261993,302947,235137,146434,151451,300817,233437,266028,188298,250223,423143,151295,247535,389059,401930,332237,358670,238026,308801,259579,367698,235000,287724,160667
Win014_C03,1052.4,-99,28087,51990,64049,9342,28681,47082,42466,23732,44127,41511,10257,31165,15798,46512,23349,25440,20390,49084,28182,18824,157478,83709,35514,21909,43106,33275,50311,96058,62898,31120
Win014_C04,1054.64,-99,90700,96397,114127,47576,80677,82434,55797,51746,86458,88158,78152,113831,94846,83354,122701,98448,109839,48602,102251,62251,127702,107466,87543,81734,57334,75858,114104,99789,109055,95272
Win014_C05,1057.21,-99,511579,508677,516525,177969,261240,382683,268665,239157,334541,265011,165484,348409,278914,436505,356246,360069,436762,250189,399282,339624,423746,468034,531616,288493,393921,333286,445251,376304,458567,245279
Win014_C06,1064.91,-99,182817,157777,290122,83534,104412,239793,148382,120289,94521,100710,58230,138112,184519,169724,222808,202590,319796,158083,136268,123655,266811,176774,264406,93411,154928,168072,253688,196488,280655,108057
Win014_C07,1067.16,-99,348933,509029,465927,365231,308921,486543,398760,372622,370749,378318,292902,357754,529271,651621,570221,312428,766021,326596,387284,463709,411058,455169,742705,420823,440063,420400,492207,483605,544360,332733
Win014_C08,1069.41,-99,57529,86209,80291,62620,126120,37848,91096,57470,69116,83792,78726,71764,50626,55469,153688,16398,77794,46702,50775,29210,93066,67689,30110,75720,33141,104812,65853,38732,79149,62718
Win014_C09,1071.65,-99,206276,174026,138519,45694,87037,124084,81603,68569,195865,81733,51593,120480,151148,102276,61295,74595,181516,120399,121633,152984,93781,158240,275343,91165,192629,81592,135121,127018,157384,45146
Win014_C10,1075.82,-99,437463,182724,446493,168176,172019,185280,328366,183736,317321,123407,86987,241525,203664,344290,141914,168668,309384,182431,311778,391079,354533,317681,234394,159151,244143,172913,356041,346415,244086,155113
Win014_C11,1077.75,-99,82537,100852,96722,64978,119760,238428,48643,50861,49546,60455,44850,48923,49565,73722,190925,290446,44819,38792,59238,55740,64736,65610,210677,35674,33238,81845,78137,65898,84284,58828
Win014_C12,1079.68,-99,13712,100614,41,2841,4175,122276,8435,1330,4394,1097,2537,4314,158070,31753,4570,4508,427769,261046,1841,471,62355,3121,256824,294,202071,208039,17394,402486,8156,3656
Win014_C13,1084.49,-99,545782,669851,486923,549498,529341,596913,554261,593021,613232,623687,440478,583096,687506,778646,820779,568160,570628,588523,700607,566049,770107,597205,779860,785054,665204,600801,663985,625291,700776,593881
Win014_C14,1085.13,-99,26215,32154,29738,14641,18261,20838,15734,16839,8418,10900,2582,26212,19345,22695,28574,13205,22687,18336,18825,30199,31323,11853,28277,22688,25328,12398,27482,29008,21181,15996
Win014_C15,1086.74,-99,34913,14314,99189,43630,68843,43510,42150,40884,83658,38681,34108,93832,82634,98424,61215,7840,93599,20679,29222,12856,42516,108532,52808,35594,45135,37898,19487,21913,9018,12737
Win014_C16,1088.02,-99,208532,287170,221752,138859,207873,232678,256449,208326,253730,209127,145317,197707,286340,348026,302609,196169,326687,210923,256688,242274,309462,292261,332906,284877,269048,222156,313907,322074,289846,208307
Win014_C17,1090.91,-99,52126,54881,150802,66431,46779,156536,93303,57690,57885,36184,44597,68445,55699,140735,62571,87954,71246,39320,63718,97147,144811,55286,48226,81790,24355,104351,99424,80489,92142,97984
Win014_C18,1093.15,-99,189792,144653,175891,81315,136732,182854,106191,149432,120602,107272,109374,195497,123949,143257,192355,177592,204269,114300,151924,151594,187374,210185,163925,148694,140750,156127,188858,156190,212666,147043
Win014_C19,1095.08,-99,64906,62923,89970,53052,55745,70301,41482,77956,58480,30173,40718,64281,62999,56358,72496,44105,142426,38568,58654,57691,47988,44987,78823,51358,92083,63758,63751,41027,35559,8148
Win014_C20,1097.65,-99,68395,210739,58178,43062,74373,60529,114189,56689,48103,104460,44618,276142,99747,186279,78948,156970,39278,68797,211967,61674,5968,257303,36427,83273,56974,45614,150487,126638,228670,103145
Win014_C21,1099.89,-99,21973,74908,47146,35095,22364,33430,12801,24323,22790,60015,33910,51095,15071,28957,42897,38589,64893,25730,34886,17439,21634,47797,44936,19936,33779,46847,36307,21931,31358,44130
Win014_C22,1101.82,-99,33776,55788,27963,11501,28150,24922,66332,22187,27601,30743,23194,62577,98158,22156,28698,73873,35657,10939,117303,28313,76879,63502,52407,40244,46992,37487,62584,66525,114029,39686
Win015_C01,1112.09,-99,521754,461804,762632,374754,404922,588688,264134,549462,304883,263804,413243,502343,529942,470714,473876,350786,880645,384688,401510,513215,458036,547149,535593,455577,629136,464877,627357,420615,415459,246480
Win015_C02,1116.9,-99,396412,397916,531993,402264,435888,630981,315244,358397,391351,218604,237035,390759,453982,505580,396183,326412,531487,252016,354551,500843,515692,403948,562188,288420,407755,488323,532218,420190,388747,283406
Win015_C03,1117.86,-99,608293,486579,999947,563463,537436,934216,410212,653697,529756,363465,276134,611626,903034,650796,854808,448899,1017298,412981,560214,672350,612680,641506,750832,431904,738674,545923,792251,736493,602130,452794
Win015_C04,1119.79,-99,666492,550848,560468,377414,444152,507756,487291,774177,742363,342114,467847,442220,690465,514877,308543,268842,912467,265276,424003,536845,315410,550635,669390,518024,657164,374788,453383,458330,472126,267037
Win015_C05,1123,-99,1311711,1555620,1775806,832192,1218154,1931834,839738,1744810,1331147,970013,784877,1284217,2463732,1762955,1600384,813846,3087578,1212077,1334450,1636725,1699030,1306827,2672906,1496354,1562656,1206983,1985621,1611111,1848008,1127987
Win015_C06,1123.32,-99,442698,441384,481964,221050,340090,405396,297726,264269,358698,248382,148354,352858,308790,361535,371758,267926,442631,214392,335612,321077,401827,308000,387059,179156,281541,239107,347066,420304,539884,286490
Win015_C07,1124.92,-99,139920,245541,183248,77992,61698,166125,123194,143137,90963,334491,105974,172134,148491,206408,306331,489335,234210,128958,235901,94988,135238,252473,341985,269660,273436,215313,295172,74173,80984,204493
Win015_C08,1125.25,-99,242470,357160,239756,187586,125034,208677,659050,366803,174436,160315,325340,349950,203523,571645,38721,209317,184703,201259,258454,341581,260062,498154,262372,355276,317127,206394,189692,790312,261183,236707
Win015_C09,1125.89,-99,884281,945602,811405,566260,793228,440125,571811,160439,709023,807098,517566,427243,505874,384849,1045631,135214,600301,177699,416230,198173,630632,376878,297905,414900,377799,649075,310595,188697,562864,556355
Win015_C10,1126.53,-99,3207221,2398743,3219771,1481519,1439828,3269785,1368333,1970711,2224795,1709392,1041671,2338217,2795069,2938166,2404839,2015811,3730907,1764717,2305533,2400373,2503806,2134370,3666769,2009127,2309577,1987609,3425746,2792123,2964069,1804535
Win015_C11,1127.17,-99,51757,132014,147392,108400,217265,27011,84652,171061,47627,22438,112099,143773,168543,132064,64015,59085,114866,55265,107144,93984,82366,108235,27595,126354,131162,103808,80192,14578,30053,36277
Win015_C12,1128.78,-99,415949,388328,754330,627466,370794,73545,548698,263754,611577,569800,379341,417648,310231,488548,472046,520573,381832,643160,492211,343080,664300,215121,446810,486446,274890,537753,333770,418118,788436,498721
Win015_C13,1131.66,-99,664475,702175,649109,543833,480699,529171,342541,668171,338060,308349,464564,562584,625165,876421,351690,202969,1431301,307894,413081,859131,239979,528031,741178,632519,612030,665514,652080,402417,397746,241326
Win015_C14,1133.59,-99,252962,278279,399146,59495,115116,199630,111258,90453,323147,35208,57309,142262,73082,161767,159056,283441,247934,37495,168399,130603,319556,226837,153550,28681,143121,221731,171847,110179,195707,20093
Win015_C15,1135.51,-99,780968,639329,713389,517944,347334,470725,431635,367304,486148,402722,356340,520829,476827,539502,518908,552370,566090,370016,562079,524424,541977,601805,521048,491689,474714,523001,605993,544212,747742,360550
Win015_C16,1138.72,-99,549672,417303,465743,315999,418957,416760,308993,529875,310902,270980,399499,517091,530831,362703,271843,298831,884601,237628,362607,478011,270274,478540,478947,300583,711653,439641,491329,278722,296636,246034
Win015_C17,1141.29,-99,409099,343903,634179,293957,317863,403411,217532,509001,296059,173558,308709,305663,502221,358347,284980,235495,671315,185959,370345,371286,297696,387248,351232,338825,466494,353395,499163,342760,309814,169892
Win015_C18,1143.22,-99,433538,710981,657334,544894,588374,643800,616739,603644,761036,564709,371283,543238,684035,860996,668693,497494,675792,646681,701619,667336,957960,762977,764682,765002,716576,593902,697966,933918,806168,487901
Win015_C19,1144.82,-99,195201,207661,210653,198204,195893,202450,112173,311534,205602,67209,227102,194038,268838,149634,97921,132681,589949,77650,167302,208170,128999,129100,242905,203793,331462,231359,161618,134846,89657,44012
Win015_C20,1146.43,-99,304144,376476,383769,159177,280984,318406,303417,247445,339791,236100,186562,281509,316963,435768,347777,214695,398710,283978,280391,353719,441281,405490,355222,388257,355893,260359,392215,472163,438695,223840
Win015_C21,1147.07,-99,85421,176257,90660,107803,98190,170291,73667,115211,71867,178328,119206,111735,116319,113946,101635,247999,135472,68930,101055,99922,91796,92460,186415,128021,95044,119586,136060,87479,125579,215555
Win015_C22,1154.13,-99,207911,320404,296226,122209,56896,213175,117103,157161,232624,141295,109194,214257,135405,217232,135157,238061,247546,91625,237345,197991,245455,225605,269147,103219,178505,133232,359635,181916,197747,212024
Win015_C23,1157.66,-99,38626,67775,50172,39142,60213,34881,54230,23895,37341,42307,41401,55495,42180,41339,187369,46799,47637,28067,51226,45925,96756,62571,37245,43290,30354,47467,47276,30097,48879,111390
Win015_C24,1158.3,-99,87571,113973,134773,95536,112751,147943,53432,138089,94230,80793,85170,121286,111316,139875,50479,107650,278399,59032,86827,108326,75563,73831,162181,116310,126781,135559,115325,121484,96579,86255
Win015_C25,1170.17,-99,325640,434312,257715,307421,239310,274239,293831,298923,347431,469780,282932,339622,407815,352673,261535,418532,365627,241797,340989,335262,139085,282423,362550,392043,319849,248435,355432,365769,345894,339952
Win015_C26,1175.95,-99,435824,314947,607658,271053,305646,272585,154886,480886,283933,179989,216669,335318,373276,275783,207987,221720,613625,195438,300766,464290,314281,407659,283995,312592,446533,305028,440299,229036,274251,181075
Win015_C27,1178.52,-99,285212,306769,347373,78327,178522,288847,150214,246108,207233,248056,184033,242599,263674,424046,200967,221997,439189,242792,200471,190154,246022,379680,381650,356366,320358,311053,263002,236676,266570,115100
Win015_C28,1183.33,-99,221118,272882,278930,225503,219049,311279,219715,268917,247088,245854,217564,215957,256741,260659,394964,196778,356716,162886,266974,240167,338037,216253,333182,343612,220463,246157,261135,367594,289009,186118
Win015_C29,1186.54,-99,117378,137631,65023,111651,68423,121332,85416,77312,85814,136501,55250,92908,89748,105461,78624,139520,142163,89357,72635,48571,61361,96640,122865,104398,80277,74080,126491,84022,136364,159619
Win015_C30,1188.15,-99,86481,254834,102167,105005,107251,164840,53930,81540,64566,202616,129804,92431,91200,130464,129153,173407,130517,88287,83055,93390,87513,78862,197134,122641,97696,140299,128692,70198,131832,286016
Win015_C31,1190.39,-99,19537,40194,160700,3269,27935,92880,43207,10938,52574,29516,14792,31174,52379,32504,21573,57313,45512,22392,31106,15220,46898,51703,428690,30865,75052,22043,51434,55151,73107,36427
Win015_C32,1192.96,-99,52661,152475,69542,7030,22416,81828,27112,20851,24189,111512,62584,39642,38587,70647,70593,142953,96091,22144,49758,32422,52944,56448,96389,37363,68972,67827,85226,39482,87186,123126
Win016_C01,1199.7,-99,578478,1163564,587702,640339,608684,907071,302723,655369,442197,1210138,851569,553280,583343,755959,605031,594190,954181,452819,562762,631694,535634,555942,1080488,756281,660755,648717,797880,517072,793883,1667931
Win016_C02,1202.27,-99,490547,404424,375839,247881,321028,409944,346754,267537,388818,260512,224236,347287,408222,452397,452186,292958,369278,347005,572752,362968,525808,395193,454662,332245,420353,323360,459546,556237,375753,266983
Win016_C03,1204.19,-99,203494,202503,257182,98122,145083,167224,59678,158390,107470,113789,116656,148553,156826,120079,115517,169312,233866,75027,131631,123897,118118,154111,162707,187626,171835,152228,201299,77223,119270,120650
Win016_C04,1209.33,-99,216292,152985,188046,136626,125554,79701,130529,303815,169905,114268,277160,241091,307723,140079,67553,25256,667571,56898,163477,254052,114712,157389,112684,212777,396766,267726,156268,148840,141321,47658
Win016_C05,1218.31,-99,295623,121305,291991,108819,27727,126600,208280,335025,208860,66361,68755,144357,282866,156439,85701,37361,301134,99749,114631,147533,172020,158461,85424,91739,144540,121825,255789,229094,143312,20589
Win016_C06,1223.13,-99,226050,622084,516387,193009,259332,668040,461998,459504,393796,495596,158241,230938,1172827,1311069,759831,178053,947560,425864,359881,415060,827917,418428,786662,745575,343680,364677,587957,1059065,742050,314091
Win016_C07,1225.69,-99,16479,197448,78769,11851,53948,203628,131533,52509,60961,280989,41604,23660,358441,185692,318782,90611,134259,108296,123042,54272,59997,54206,140781,80265,63278,69156,76519,240695,427256,182264
Win016_C08,1226.01,-99,974410,1829591,1536018,747764,990995,2461626,1509734,1344264,1191076,2148684,774651,873860,3128882,2628404,2624799,901064,2221431,1514270,1277546,1133123,1464700,843004,1902684,1790741,1340549,1071680,1627033,2210614,3562915,2093320
Win016_C09,1226.66,-99,239819,175233,243671,152664,174221,194389,49524,259815,124797,35605,131356,145730,128484,129514,71412,77947,292569,81862,106487,206153,200502,159978,171779,174479,227024,157477,277451,56739,42896,70588
Win016_C10,1230.83,-99,90840,228052,108510,138325,117245,192004,90074,112615,69745,242656,133689,111593,141295,141295,130925,122976,149164,90461,124888,115498,107062,82889,236341,132783,109883,130120,144489,89230,140675,302455
Win016_C11,1231.47,-99,279616,187460,394632,116302,186672,34246,330016,212489,219323,222258,196024,199894,209138,173748,265225,11623,241664,119316,240387,158567,278168,236389,34129,230921,113226,201332,162773,183367,195641,127066
Win016_C12,1235.96,-99,197511,421859,184154,263959,245553,345181,112733,178970,138231,356369,194147,159148,239386,252878,282728,232732,306822,176590,218548,220434,194776,172091,377212,217228,143263,277907,262251,181597,278940,504702
Win016_C13,1237.57,-99,221231,180133,177367,70841,95286,58935,84921,105611,120492,91318,67821,59084,178666,127930,88414,94436,170586,74935,97534,40739,107124,76633,141937,136894,133647,95594,89910,89703,85143,50834
Win016_C14,1238.21,-99,1679992,1162352,1144525,619048,651798,918979,1092704,688763,1043656,1109323,607603,836614,1037910,1086871,1104313,551218,1257558,718772,993754,722366,897643,1092963,1419461,924356,1029969,909462,1262822,1104556,976008,765103
Win016_C15,1242.7,-99,227496,200336,223996,211566,167809,326036,105138,203729,111628,97028,122190,153787,284303,208012,198274,164384,247500,150601,150434,203433,177280,193525,764865,209296,168510,323004,411947,132036,138337,119107
Win016_C16,1248.48,-99,74225,235747,85032,41024,66621,84080,64309,63306,18536,198564,130547,92674,60247,74388,69547,254831,77408,49231,77149,64094,47603,68950,87561,72090,65670,78988,86066,73326,93536,222060
Win016_C17,1249.76,-99,133372,149247,172956,116656,103076,120105,44578,153094,154444,86212,60749,148771,169813,219085,104067,85477,401611,77524,101762,137526,52252,103260,224567,94142,138248,84267,77905,143719,106033,55749
Win016_C18,1252.97,-99,780769,975818,998137,709246,870445,866476,736272,1006233,1175761,804513,633056,691159,1107618,1297665,714126,730217,1101458,1036372,948191,1219281,1703286,1131301,1062752,1102365,1036545,929574,1099603,1894166,1457949,754395
Win016_C19,1255.22,-99,255504,273880,279778,111171,283077,343321,254078,143267,122042,250594,111584,14581,318566,213967,159861,463880,172197,170829,95887,109268,130953,130363,307762,356639,149881,275105,592157,158341,160760,250693
Win016_C20,1256.82,-99,177125,415784,185173,200872,177624,307467,84720,152891,110824,425114,301967,217564,236694,213460,235210,140211,380338,185275,186900,205758,158801,239710,264383,193255,189497,197877,194457,163587,253691,387705
Win016_C21,1260.35,-99,74755,209113,289076,72760,114257,98946,60965,94506,70054,166585,178305,96758,127215,119315,119235,194786,96779,65922,78573,111795,172839,96208,106192,112067,121757,128461,129086,67969,119136,143214
Win016_C22,1263.24,-99,16380,18527,384,56388,5918,52399,23856,68556,42933,28812,16381,25547,90915,24464,11916,405,30376,15570,1446,17900,2905,17640,23023,30934,18253,16273,3160,58782,7945,69770
Win016_C23,1264.52,-99,170009,344073,179255,256030,167936,226958,151857,160266,120250,362373,208325,166324,206691,220044,194786,150274,243958,163437,167958,185277,148870,153500,294716,200303,189827,205190,236464,141647,258120,505016
Win016_C24,1269.34,-99,58768,64302,76159,42650,21305,75411,28259,34230,49555,84867,72019,35430,44199,52739,63077,121910,82565,36579,37378,41668,68318,79145,59495,57114,63819,47663,63123,71692,93759,75435
Win017_C01,1276.08,-99,243922,361214,205463,179707,204612,371435,196594,202215,184055,380253,221434,217395,331685,352818,327733,228384,354445,168140,224742,120079,207667,281326,357740,379571,247731,230610,377782,173568,245333,364588
Win017_C02,1279.61,-99,54496,201542,74250,74227,69254,112575,38533,50959,40595,130768,85142,90036,65502,89421,83416,694849,71016,51732,80293,66467,71190,65740,101620,82832,57568,88439,77670,56868,69228,171280
Win017_C03,1284.1,-99,300316,396883,448503,155311,138727,418343,232680,179689,242130,349304,444238,193121,198761,197768,305482,368663,376218,350379,336353,413862,345270,329587,399164,166233,221639,263472,294520,546861,358805,465532
Win017_C04,1290.52,-99,466983,805399,724740,341879,299601,508997,400863,455335,498870,389166,207555,363577,614732,693255,536380,354873,808046,391294,438792,532019,729076,563140,839693,450054,495830,345489,563231,608129,608873,174706
Win017_C05,1294.05,-99,592066,410936,569996,350387,347120,474092,199783,988171,446943,146391,545918,475272,649655,362605,78763,61824,1669518,87236,367496,584768,240019,317421,416464,545428,920989,629310,494491,458598,342065,86365
Win017_C06,1299.82,-99,203845,340983,290010,149991,191416,279913,279102,210734,146403,283512,302578,207321,279208,269947,246382,220218,267640,211312,249861,189139,285754,246474,300231,274781,1132969,283373,219215,329493,215375,243392
Win017_C07,1306.56,-99,1018722,1344937,1321683,816544,1003856,1257284,1116837,1146113,1359767,1001549,719310,1041729,1246119,1645217,1026589,877044,1447031,1063880,1146912,1490989,1675243,1462738,1546734,1326679,1381500,1074060,1496833,1925979,1650000,870817
Win017_C08,1312.34,-99,346849,497745,466115,280370,338810,456372,342115,419519,428073,292247,159869,355682,645842,460023,425301,331982,796791,380211,369052,457752,440926,446680,544625,522713,575204,438980,495524,451231,462020,378922
Win017_C09,1318.44,-99,260520,400567,280918,180512,162608,217415,143271,312634,188423,299078,323331,277622,273397,183470,162289,393768,544117,123866,217195,245976,174683,189515,226225,205048,349831,280678,235928,193558,220311,265803
Win017_C10,1321.01,-99,142770,254648,175187,76768,162115,300363,160809,99348,71577,233988,190359,137907,143575,288967,370327,224891,154143,194320,271406,127239,364491,200959,250993,145589,95270,145253,231245,235265,239293,304170
Win017_C11,1324.21,-99,104851,157661,115285,97079,91703,118698,50913,81911,77956,104754,77793,86698,102506,89838,114724,120724,109040,97072,91512,102895,67889,73565,152939,129881,93790,95381,120056,78390,103119,92389
Win017_C12,1331.6,-99,956004,774920,947589,537361,584229,920779,624025,602505,681828,661682,492595,704365,755793,825774,766183,839816,997901,617955,728608,698308,806869,886485,1053749,730082,711095,767043,860198,783739,1016876,681745
Win017_C13,1334.16,-99,70976,272924,1232236,38278,98458,83472,52530,54007,35020,430176,295484,51775,62462,72679,60354,72158,76617,38042,68725,44178,64974,61016,79855,47396,67627,68675,60325,58176,105890,2039147
Win017_C14,1335.45,-99,226283,567946,349481,324725,258057,503478,199228,328407,346125,372426,236214,315713,599897,601151,599813,1070616,488584,260901,280894,289142,319761,338976,445625,276827,296316,376085,422650,340038,513567,427333
Win017_C15,1341.22,-99,2010557,3046426,2321026,1689468,1545153,2567086,3290242,2324472,2122703,2601984,1671468,2280086,3805622,3587762,3427849,1620100,4435928,1911909,3063614,2056943,2455836,2762213,4500845,2677012,2478503,2333815,3051302,2765052,2323449,1517725
Win017_C16,1369.14,-99,378938,369232,405070,207442,156316,238019,223887,285161,435505,344056,210017,302605,284727,179827,189996,219279,322219,203435,282724,277437,232755,245057,246595,184411,232813,124268,250711,295737,278803,196809
Win018_C01,1378.45,-99,172139,409371,179476,141077,219718,245437,143720,215078,103807,280473,231718,211158,250456,234728,177897,138521,340837,129655,175899,212172,137681,127186,202525,144636,207044,227123,204480,150786,230675,320781
Win018_C02,1382.94,-99,273662,546464,325741,236065,297887,365023,178937,392979,194919,358947,322700,315549,418349,298820,240377,255253,587752,174395,238556,281832,197942,186523,325992,238674,356631,360318,295248,230285,342760,333820
Win018_C03,1386.15,-99,970340,1747236,1192170,856702,702278,880723,654357,1066336,1042305,993098,850287,898813,1189795,768317,524729,1304399,1436334,499101,570831,760100,424772,469831,991489,699618,828969,667293,678384,573408,906697,799434
Win018_C04,1387.44,-99,454135,1460046,403991,306782,441183,444248,337786,461159,225135,1263631,659455,292020,618984,471128,242291,234057,639803,290588,318390,449335,169975,143712,490220,305376,344468,399063,385291,307136,439522,1166763
Win018_C05,1393.53,-99,143056,214517,202102,189459,126843,175092,286147,187298,125990,135019,97896,109758,220172,219422,302807,102250,420882,197941,309332,131910,310066,229791,169423,175486,190742,225409,255978,320309,227251,132254
Win018_C06,1404.44,-99,1033220,1477259,1457293,905785,1316767,1242525,1012320,1175514,1521118,1257925,796060,1002633,1331470,1786141,889451,919954,1311773,1349210,1202903,1791358,2141382,1572613,1469606,1448046,1648643,1158713,1461110,2386994,2148845,947562
Win018_C07,1410.54,-99,135843,194930,181387,143461,108580,133699,127115,210231,250356,130736,77159,86480,270334,234229,141598,144698,124537,247943,213434,201787,303999,207676,187490,251426,128805,126587,191216,358358,241276,97619
Win018_C08,1416.64,-99,64685,125048,144164,75993,123353,203713,160068,97349,80937,188350,132936,86332,62725,120672,153872,142286,136430,79554,137054,84083,153063,96639,134204,89125,122053,92476,131766,163791,151852,176678
Win018_C09,1421.45,-99,74811,62617,95295,97062,111839,5381,97605,110846,105201,137177,146910,180735,183434,195732,183476,7543,260298,212058,296533,197612,213300,199776,7209,209872,213972,285396,270261,224978,260843,245698
Win018_C10,1427.55,-99,136003,208391,122949,124467,243425,284375,170706,168779,177894,139192,124779,128298,182001,190351,290357,195420,249701,159055,160977,150558,234686,135852,286703,282278,220042,205042,191359,230734,188430,203117
Win018_C11,1430.44,-99,213215,202759,219311,83909,121770,41388,75495,103471,116642,249195,192938,83743,123777,113302,159935,113383,251513,89664,179977,73131,126232,153911,104413,114992,124268,130233,111670,130801,143279,307247
Win018_C12,1434.61,-99,2606057,3183880,3812022,1984692,1998505,3195805,1355564,4048024,2412930,1225055,2073121,2729902,3085145,2903246,1342129,1112643,6400733,1308190,1700687,3344022,1354122,1234280,2681344,1759183,3142677,1992628,2094325,2143483,2188762,726092
Win018_C13,1435.89,-99,514267,642431,511198,406081,616048,427716,419079,485518,464568,391189,341492,314537,493076,507394,1196840,259273,638948,344303,379313,325789,437098,316069,258884,284991,391637,442965,447634,288183,451007,316876
Win018_C14,1436.86,-99,1674934,2338738,2051865,1367657,1230427,2195800,1938520,1566520,2133209,1621519,1302057,1557097,2217290,2278354,1353362,1000325,2964213,1444321,1734306,1956817,1883922,2123793,2773783,1430841,2191652,1396258,1855671,2260587,1933685,959790
Win019_C01,1447.45,-99,226406,317510,320655,198704,282987,204364,212352,236587,277907,256270,115993,226316,286049,299898,192112,185547,245877,251502,147249,334472,360418,290444,295904,266230,367471,172534,284469,316787,398175,205699
Win019_C02,1450.34,-99,127469,274990,108481,105755,131915,175601,99210,128940,87452,188403,171203,135406,178015,141937,157869,162291,153156,103020,136381,115069,113552,115326,128273,107550,169060,159344,117346,104055,213826,237427
Win019_C03,1461.57,-99,23380,51715,158751,39040,22178,121904,52994,12314,111457,137544,90380,25587,19777,47024,73934,74146,80095,84780,139968,102206,104785,167682,96862,46226,80663,56714,79691,64687,138147,342764
Win019_C04,1464.78,-99,49749,80348,59037,25359,36152,37043,41655,62045,36890,93584,113152,52324,28021,37340,79602,94921,46534,39911,83525,37772,61890,61102,42773,40431,34319,54625,47683,50752,58213,95635
Win019_C05,1472.8,-99,63285,76401,98979,63687,63918,21744,60150,43545,52950,75971,45714,40813,46035,46250,56226,18599,45786,43278,46225,37539,42554,37760,8249,38371,41956,49470,47561,33318,45447,50405
Win019_C06,1477.93,-99,16456,42189,54036,28400,22599,110405,9607,15461,55939,48121,43422,10268,19893,24214,62445,13320,26501,11530,169344,83594,58367,274383,74631,26383,81096,48657,24088,38095,245076,815470
Win019_C07,1484.35,-99,100995,175929,130663,91705,96013,176978,125321,153802,155732,107452,140423,81230,177862,155974,182967,80477,195865,141402,130713,134471,168164,158910,160099,121648,155940,138935,139747,202442,150783,66683
Win019_C08,1488.52,-99,42504,118208,48525,48013,59234,73072,33639,72080,32173,71865,77897,60175,72069,50509,38288,36979,113193,38184,40379,60499,28265,27060,74377,48755,72285,80306,31956,41781,57625,62319
Win019_C09,1490.45,-99,184237,219131,303180,37000,79842,150655,98208,134053,118241,294892,353031,136725,97057,136174,229290,265335,180385,134960,254683,113566,275096,219642,169269,68277,119701,119734,150608,249658,223703,268772
Win019_C10,1493.34,-99,554047,565552,580134,345478,451404,509400,356926,492055,466189,543520,388187,451571,564518,488863,549547,432889,501321,414524,521807,543579,595346,704384,634381,470692,496346,410057,517306,594803,628651,412225
Win019_C11,1501.36,-99,201238,251629,272594,125797,130531,150806,124806,388849,413400,205199,52881,131726,238778,312648,105411,259098,87520,504050,252456,232343,651438,309213,189098,415952,179292,116693,243403,857724,381881,115052
Win020_C01,1525.75,-99,288850,340722,275658,201209,144743,253437,327166,308902,316193,365306,167726,250226,371726,469223,248002,175520,442982,231617,238838,285526,277434,386900,327695,218531,357595,232038,331320,319519,296509,164713
Win020_C02,1531.53,-99,54219,60567,68558,38109,51452,70341,24400,42315,38275,79019,118688,40944,53260,4532,99347,85951,28758,43196,96979,53596,77868,64359,42799,32533,53214,45271,19777,77643,70205,48174
Win020_C03,1534.74,-99,215427,221978,204347,239604,288610,192111,157359,159416,186045,155287,132975,185219,253560,314504,239989,145035,285965,337508,211042,264030,315898,222990,225589,284916,377922,234447,303421,279867,263371,206217
Win020_C04,1535.38,-99,247302,293195,210345,202827,250541,255919,171673,199294,262131,175989,135496,188140,284313,218991,189452,162665,182180,247092,185245,266334,221419,262201,309946,279212,360237,229679,236758,301770,268883,162199
Win020_C05,1536.02,-99,134483,149358,234636,626504,374879,15253,179986,228617,177303,221896,305451,381224,484786,789503,846922,33858,1252570,1382616,984985,831528,678439,401955,26163,329233,442369,795588,797836,523452,572038,479324
Win020_C06,1543.08,-99,23991,43871,20508,13944,3532,20329,45450,10308,17210,2762,25789,9795,21343,18239,12975,3935,23406,24575,8323,7883,11441,21068,15673,13768,31730,18783,60046,48044,14833,11793
Win020_C07,1544.04,-99,27853,73106,44183,31262,41664,47014,51520,63856,77330,35505,7795,41064,57232,67576,35311,32614,25254,75411,65000,83072,99514,54409,58522,68033,49867,30894,46509,76553,80982,22102
Win020_C08,1547.57,-99,58210,56402,64438,34701,38750,61177,26856,47792,29966,76043,61791,63207,40669,45495,66533,80196,56279,39124,57478,36647,64387,69584,43955,31903,40591,46139,33146,58787,64149,65644
Win020_C09,1553.67,-99,33041,679399,853097,615374,684931,410921,664756,705515,869994,595945,745303,513933,703885,1330518,1222160,905046,544437,774126,857529,928142,661398,598139,815304,1150306,878848,784631,772009,937322,988949,843177
Win021_C01,1568.11,-99,113360,61438,106376,39276,74573,107197,98323,67312,67413,53672,54347,69990,59808,89671,45925,81625,83732,47935,68347,50833,69561,99018,68369,108458,62972,77459,82575,91224,78998,54774
Win021_C02,1569.4,-99,200062,279716,228861,242690,161491,277574,232812,155533,190382,151869,211069,237836,177880,235930,239263,169753,304252,211213,225305,195405,299745,195185,322965,110900,267780,184751,238145,144193,274189,88537
Win021_C03,1574.53,-99,37764,57188,81775,1414,18490,19368,2509,13456,29232,68477,107809,15502,13840,18890,31385,42927,42027,30155,67912,9653,62626,44899,35172,10049,17163,24681,23911,44972,64273,52354
Win021_C04,1576.14,-99,133549,154079,149086,100578,133327,113329,49471,82625,126704,53140,54420,79504,131645,88600,73200,89106,144476,89548,70904,145225,100403,144293,151142,111222,122811,117293,114290,88428,117222,90382
Win021_C05,1577.1,-99,568515,588232,511285,352040,384995,530330,412542,395036,470085,376583,200718,405030,591305,466932,385082,291355,392995,470816,283590,467920,422268,515378,660355,573422,672879,371505,516508,550831,466367,323622
Win021_C06,1585.76,-99,295612,595105,499315,225388,363420,348497,501050,590850,828481,335724,127800,380663,387756,687570,223220,298365,232303,624151,446102,695523,911034,486784,403487,573593,484797,218993,480617,1002236,801152,275125
Win021_C07,1586.4,-99,8292,50102,47993,52133,58882,29549,44298,2355,44811,72385,649,28076,20750,52844,4399,40245,37323,72662,52596,35093,56684,66064,57217,44675,46523,19726,39116,118273,55696,9615
Win022_C01,1594.43,-99,141533,202016,355096,101791,125487,191876,121555,161254,131150,217185,323275,145768,113547,150711,181627,301094,224272,137214,312796,141329,153283,167193,223122,113647,176990,145462,166352,152476,168721,202383
Win022_C02,1600.2,-99,115711,52758,62022,29007,47190,48990,41420,20523,40333,51888,27049,49724,27119,34640,41188,46451,26964,37897,41465,26104,58190,59398,34939,21677,31003,35362,34030,30721,31936,15641
Win022_C03,1602.77,-99,188052,122744,120242,96695,50474,172390,26419,86622,78166,56614,7095,62469,132492,84501,54859,34014,134584,105861,78048,68028,42344,109736,124212,66206,59199,25417,61996,80326,101677,42602
Win022_C04,1608.55,-99,56409,72960,83861,11148,87316,83136,47771,77130,29817,70170,34027,71824,49870,42507,105858,60610,80970,24708,72311,40688,63771,83498,97119,45781,55450,75960,35878,35323,50942,114701
Win022_C05,1609.51,-99,245937,247790,259975,150503,277805,263675,136595,150430,148844,241922,155742,165451,172938,208739,218324,186229,219647,151492,165880,164906,301027,176464,251298,130783,160882,171533,213344,136261,197106,235024
Win022_C06,1611.76,-99,100764,60248,82659,41585,40019,68604,55902,52062,47582,52838,27394,60048,57067,73798,36705,38302,69168,42821,46947,53436,63448,67679,54572,36706,50979,38365,52010,59558,69333,38604
Win022_C07,1615.93,-99,172009,207365,154985,154511,204350,168908,163852,127630,187006,107602,79972,128788,216399,139154,129398,114113,188260,165104,107069,162366,132057,129347,205625,157035,242544,171048,206540,103815,172453,121728
Win022_C08,1616.57,-99,131013,98129,66462,66334,67352,97654,68065,68446,93787,41164,35545,76962,99740,84678,60375,32192,65047,84759,43886,77475,62846,83994,121285,71818,109752,55874,88890,60042,64536,53969
Win022_C09,1620.42,-99,26842,26496,43516,20875,33763,19743,39892,33201,34774,37189,29723,22981,24195,47509,33051,40395,40898,39777,26858,31839,38948,40865,27392,21935,29431,21494,46944,28053,39132,23614
Win022_C10,1625.88,-99,18026,55459,28526,7388,7762,17316,23646,22327,36134,17528,11085,18530,73438,26115,21343,34784,18680,43703,33435,44853,56549,44854,33867,45087,30295,25029,28258,27262,39840,12263
Win022_C11,1626.2,-99,48351,34813,28557,25599,46599,46791,23344,53858,46972,32797,6326,6093,20103,73378,18567,5049,23774,33523,32437,43176,45461,20254,36722,21261,45201,20954,34602,47755,81453,13970
Win022_C12,1628.45,-99,12088,20090,24931,6301,1792,8573,6056,46019,40587,9241,9813,6874,23353,24582,297,11932,6305,62715,15706,39916,100920,27121,21714,51139,12886,13099,28544,101236,39365,2936
Win022_C13,1629.09,-99,75745,64411,58898,35521,74829,58082,31610,13244,20133,46097,34296,53559,25590,94950,97555,93535,79569,7611,36934,13360,21657,49579,53232,40608,47476,41745,57281,2241,45524,91087
Win023_C01,1635.51,-99,18667,482505,569059,588274,642755,339715,487564,683473,641646,367047,442140,616014,567863,729099,1176263,734677,586714,596768,571939,939333,496830,607532,546715,736891,723410,751812,744648,836829,830836,765143
Win023_C02,1642.57,-99,198624,272935,311257,110955,168450,307898,335310,233854,354854,177264,117912,276366,247897,377455,232997,125256,289230,240405,299096,279138,298503,306531,332263,275846,318633,227316,355716,356091,184900,188730
Win023_C03,1643.53,-99,110727,108818,91711,58838,174926,127959,59477,65823,62275,282995,158577,70909,71155,90165,135010,135344,119852,52148,37705,93789,131483,61175,120167,53822,70745,124860,92362,75662,26955,314862
Win023_C04,1643.85,-99,34927,27133,25394,10130,5402,21393,1980,31483,38896,19981,4854,14904,5285,38386,888,35906,4336,72746,58784,46796,102974,17522,11475,35405,13276,305,4709,78255,207483,7544
Win023_C05,1648.34,-99,577728,578043,662183,463371,680213,561353,313877,545367,407542,562191,473222,498861,504807,547880,542497,520814,723476,571422,540414,489619,864372,510677,710852,409767,555153,476117,600341,623242,511240,654001
Win023_C06,1652.83,-99,341691,237369,284056,189668,199857,244826,184344,218801,281289,177795,155046,181489,275676,268847,229501,183189,233132,175157,234742,267285,381633,224228,242720,177979,299259,240928,203829,213321,320600,152864
Win023_C07,1654.44,-99,1435488,1416881,1475188,965524,1346857,1411545,1139243,1019673,1136234,1122957,1105248,1378189,1308663,1430022,1192999,1006789,1833793,1008400,1239384,1376040,1657443,1172234,1387815,727167,1278222,1138878,1392153,1188517,1428859,1046607
Win023_C08,1655.4,-99,447903,360146,520860,245408,231575,347223,274937,455526,719770,356474,153014,243897,362862,412966,260930,249121,242951,552238,333147,403841,753968,557393,513025,382426,404938,279487,531043,499748,484911,241708
Win023_C09,1661.18,-99,1179840,704167,750302,618591,525244,842274,433911,682767,761220,454571,321388,596320,981905,447515,793044,327763,991637,461252,521007,773273,722980,799153,1226148,531787,581967,569138,824182,945633,832638,378703
Win023_C10,1662.46,-99,2285070,2185309,2496880,1382868,2665668,2324554,1467157,1537142,1340460,2042611,1435500,1622066,1906773,2414960,2193329,1969969,2572224,1721787,1844396,1661139,3063949,1657479,2440448,1401181,1911946,1931505,2161036,1867935,2008391,2117091
Win023_C11,1664.71,-99,305100,513461,317986,237415,335538,296502,147303,495910,525269,260997,88761,177246,380889,565344,146620,320463,177780,559638,434239,989264,916395,344050,277833,475408,408825,170843,339840,980280,1400000,235812
Win023_C12,1670.49,-99,164474,218891,163101,124157,110749,167495,159694,83844,211415,124413,203653,152349,121706,226710,203702,219846,179846,137137,153537,96229,217588,142289,150100,83673,145807,149153,171090,142176,157717,180383
Win023_C13,1672.09,-99,130969,119739,150503,47542,61268,166368,113662,87841,120804,88430,52575,61290,104769,136289,85692,105846,127608,87310,70672,86682,121276,104146,217207,86670,134362,77060,201999,151649,114973,53705
Win024_C01,1677.55,-99,285,648,5711,6679,2219,10835,2915,3817,8564,18040,25120,15637,22596,3667,3659,19286,5462,4548,5979,8640,608,10722,2074,2969,18263,10831,8521,16400,1429,5919
Win024_C02,1681.72,-99,1422,5073,7173,5168,4955,3870,1822,4279,5919,3136,366,4235,2228,9023,7780,8724,11856,1006,15172,11592,3029,3965,8159,6189,10480,10228,4569,3001,6164,4153
Win024_C03,1683,-99,2225,6544,3690,1013,2978,5039,509,2287,2433,1530,2955,1260,2101,6447,2222,4344,0,10085,6757,3768,22302,1730,3491,3427,381,2278,3310,9707,20229,6425
Win024_C04,1684.61,-99,13660,8942,14678,7762,15916,15503,10791,12016,7967,10333,11482,18604,14135,16998,15715,11933,19275,9499,10475,13400,18671,14391,18962,11403,16250,16976,11319,11338,16302,8774
Win024_C05,1686.53,-99,6086,6788,5101,8464,6859,7732,8058,9080,9009,3556,5581,8434,9155,9522,4259,1149,6766,3135,10451,10604,7967,5931,6557,3379,7704,4944,4292,6710,10297,2760
Win024_C06,1692.63,-99,17328,18746,17469,17477,10038,14881,10860,15622,37877,7870,20407,10866,13174,12860,8387,11731,6114,30645,11521,17157,24128,17922,21549,15814,21293,4721,15290,3505,20741,1163
Win024_C07,1696.48,-99,7758,9937,14431,11661,9941,14866,14349,14052,8206,9501,5821,10324,11741,9234,6879,3260,7870,9504,12329,7117,8057,7345,9798,8605,7272,9836,21419,13977,12552,4729
Win024_C08,1701.62,-99,46128,20229,28243,14073,13239,25389,18006,41758,37257,13483,9528,28690,44501,30669,26748,12949,31080,22717,23006,42940,25919,21905,39439,20304,36910,17457,44173,64858,38467,20806
Win024_C09,1706.11,-99,6022,21023,3630,4051,11033,16924,205,3618,3642,6083,1524,80,875,465,12028,17579,2562,5657,8137,6088,1957,10251,17199,12428,3415,4991,5691,3933,8848,5351
Win024_C10,1707.07,-99,14501,24326,25513,10811,3463,14720,18286,36407,43012,16262,2670,19095,23103,48215,3978,5378,14064,32334,17678,43710,73323,25346,19334,32999,16656,11345,19414,73382,50852,15282
Win024_C11,1714.45,-99,8361,8461,3165,5235,5080,15146,4049,1540,13020,3405,2806,11146,4917,7206,7535,19446,3802,6944,4602,3501,16173,3034,6060,5396,6765,1180,6974,2348,7866,7245
Win025_C01,1727.61,-99,130932,142749,202359,115465,111438,98408,142767,162097,112717,229528,170717,118784,179461,238306,196612,197242,151735,142819,137850,162271,103977,185169,181750,154831,216383,288670,154834,153733,167622,138377
Win025_C02,1730.82,-99,457369,1113798,649126,449358,832931,1005826,1076902,704994,826261,620474,301392,437219,933238,816744,631589,876894,555539,1117660,1055676,636853,1469810,444864,841635,1015662,677401,423604,1286978,1369015,2115672,711466
Win025_C03,1733.39,-99,254683,158595,426897,118152,86272,132210,108654,405596,684001,244785,37068,81826,161190,240407,115472,197286,80922,578431,253978,250085,702505,397933,235007,345728,231274,111653,420486,402317,402456,104243
Win025_C04,1738.52,-99,187910,264683,96548,93712,161239,274070,137380,232320,105252,260536,108602,199197,293609,456775,218412,128451,376523,281842,266246,299695,209429,172672,297888,278299,246740,286097,349363,233053,261433,271831
Win025_C05,1743.01,-99,140235,174108,167933,103082,374853,45112,23317,208128,210925,90797,28512,65492,133707,114354,82857,202661,57149,488324,156341,210286,575182,117969,145620,216764,114345,95604,119460,538262,1131296,53942
Win025_C06,1745.58,-99,266021,244067,184887,148228,171243,173479,148295,221646,328762,155278,90270,216046,208090,203204,131328,145193,154692,215052,139883,260917,223570,296738,270357,234579,278935,161080,209455,242802,305470,178014
Win025_C07,1752.96,-99,108942,347577,130218,177906,241409,391368,245079,335743,156510,210083,147357,287196,473806,488698,365093,258385,378668,264749,324465,132725,196251,404781,423812,412158,351396,297379,598595,230421,154281,333442
Win025_C08,1755.53,-99,690691,953775,1270697,442590,564213,518934,392229,949626,1918309,674726,65177,783564,658260,1892578,338044,477740,405402,2247783,674552,694484,2308008,1260005,999638,909406,1099725,719399,937557,3733908,1248328,280115
Win025_C09,1759.38,-99,952134,741351,1220295,340923,576721,593075,703662,666487,706783,971307,547221,1109774,892167,906024,676665,644008,1193157,698436,788873,650808,1135853,775022,925575,650764,671611,674042,1177005,950549,1180291,623665
Win025_C10,1764.19,-99,267477,379198,368439,256530,247722,628334,103764,579686,286971,115491,65781,138601,195546,175084,681895,112406,435253,268778,189506,102822,249131,288648,399656,225109,289898,131802,89690,346607,107446,78614
Win025_C11,1770.93,-99,189911,260080,129160,112944,146006,221263,174508,198696,81479,191625,190017,190039,148678,329233,275774,205565,241902,139063,197111,129622,227966,298295,379442,344249,246231,207719,372595,141312,157519,154946
Win025_C12,1774.14,-99,195671,67909,60468,24610,70031,56953,64653,145732,313564,46151,7074,21783,56601,68025,11646,34327,22476,326756,119424,31657,453243,64629,120283,76540,118633,24480,77324,597901,102573,10850
Win025_C13,1777.99,-99,231098,208904,176991,142364,153130,106485,172533,152557,156725,141446,112429,215917,222827,316273,147748,81262,75404,333043,211122,254879,332684,232723,236441,223509,157531,162226,140997,386879,603314,121426
Win025_C14,1780.88,-99,78478,50839,89183,56095,63146,71610,47101,47582,73698,85858,132248,45994,61565,66826,75179,110738,70019,46197,69180,47337,104281,53118,87914,74507,40924,75421,60687,68709,94150,249291
Win026_C01,1787.3,-99,65197,92551,93964,82760,70820,120147,97334,160935,98604,157300,107829,116832,200879,245655,223929,129967,214388,176340,206403,116807,119786,136709,191341,225180,184360,185452,203881,163021,107529,84217
Win026_C02,1798.85,-99,36224,85332,36585,21002,8826,25328,11636,48849,60182,33448,8321,7818,38207,89013,35622,27431,17513,64821,59234,149914,200256,57572,32450,65070,32719,15473,28894,146294,235115,58105
Win026_C03,1801.1,-99,1004836,1065451,1134630,817692,990086,1211837,813112,776516,1126068,847106,854988,1209506,1165594,1424331,1140086,861299,1495949,1037943,1024665,1164064,1368539,1015856,1245950,865805,1134661,1038542,1186735,937429,1238504,793326
Win026_C04,1813.3,-99,209395,270372,241382,218718,237219,390860,262640,522180,173936,227201,120515,111402,627396,349768,452015,204222,380929,417807,451668,256898,401465,263274,496606,572248,319833,345359,548068,468632,332527,372801
Win026_C05,1821.64,-99,1111498,754127,900195,575269,902547,743085,593657,841492,560667,555847,615163,795341,611078,585504,789567,557964,873358,622670,739349,682195,979742,725018,834050,792795,567821,610652,663037,821541,1020267,916096
Win026_C06,1827.41,-99,20583,63591,46058,24669,21766,70100,60698,64068,53348,49349,53921,77227,68244,78350,76812,136127,76200,68872,65582,72314,61503,75483,128738,122570,356291,95817,74799,114457,56562,77436
Win026_C07,1832.55,-99,650394,857956,421325,193397,470496,709981,493386,859491,296602,742947,387774,490822,1204389,1065330,829203,510939,784870,937642,927136,473845,522004,887194,1080651,934120,810139,788951,1395386,636844,552616,486445