Window,RT_s,X001,X002,X003,X004,X005,X006,X007,X008,X009,X010,X011,X012,X013,X014,X015,X016,X017,X018,X019,X020,X021,X022,X023,X024,X025,X026,X027,X044,X045,X046
Win001_C01,114.36,62296229,58272181,56943868,59589824,64314786,44666392,74268639,58155611,69417371,56689925,56403756,61082138,73591126,45942634,56009834,51697224,51862386,39003228,51616326,51721484,47614590,57209556,61557212,56663754,47879772,54192916,47136726,43684025,53427573,43041055
Win001_C02,117.89,2024666,1167149,1149010,1299630,1376986,846271,1421264,1217020,1206382,1587281,1186176,1375007,1846280,1028906,1214021,854437,1147666,663967,934844,992734,992275,1276486,1044477,1373160,1005229,981309,900908,473729,425943,325370
Win001_C03,121.1,1747193,1785706,1824197,1665083,2098884,1404643,2089618,1777016,2073069,1829899,1977147,1811347,2176948,1529360,1888757,1577608,1460954,967883,1220688,1489033,1519667,2002172,1691855,1576633,1596804,1466120,1330336,1577729,1803446,1680585
Win001_C04,127.84,906452,454978,740906,447338,777980,520227,1042765,746455,944903,705362,804750,839170,710148,564414,741772,539549,593442,365815,436170,337429,415336,431116,499582,603964,410471,488061,349064,913822,1325254,1259915
Win001_C05,129.44,5798745,7618245,4488742,8553848,6064461,3519853,5078310,5537351,4958143,5463072,4688531,5840916,6811668,3739410,5551573,5079546,4370153,2767520,5840301,8011661,6149416,7551565,6851261,6496184,6972395,4178475,6603251,1944576,2041972,1451039
Win001_C06,145.81,2341998,3727074,1657198,3454589,3303137,1508315,1934037,2540252,1201255,2812103,1785903,3478802,2722778,1270805,2425086,1895693,1571084,762546,2956655,3228249,2779698,3397366,3592783,2853396,2954518,1545217,1753100,781241,1310957,925044
Win001_C07,148.7,2716432,2792596,2385376,2849278,2984972,1632562,2741620,2532476,2683473,2709096,2466609,2959929,3107369,1815558,2624936,2174700,1967893,1041507,1855393,2431588,1961090,2648832,2550503,2729594,2066193,1656824,1841809,1711734,2264693,1903178
Win001_C08,150.62,7226449,9485239,6289281,10459557,9400733,3396668,6488245,6766034,6544410,8132249,6175730,8195750,7390238,3485519,10696145,4420705,3908354,1546132,5174948,10389608,6178506,9191885,6412260,8498071,11518047,4239708,4275640,3252732,4657110,3339202
Win001_C09,169.56,3442149,3380837,2575570,3003969,3188861,2014399,4104726,3123329,3826654,3608449,3004411,3385128,4169757,2270407,3283694,3094421,2892929,1579394,1705149,2552653,2361666,3076578,4392240,2926945,2284721,2901335,2221877,1505681,2648828,2544977
Win001_C10,188.17,1498944,1479785,1152495,1505601,1548299,753097,1248922,1370911,1379581,1504525,1219988,1639859,1681690,929516,1374033,1012707,920206,333537,882354,1418009,1035022,1470431,1285056,1533034,1129977,843343,1027112,889237,1258223,1025289
Win002_C01,225.4,2137754,1801055,2126098,1623886,2263877,2352453,2568101,1951310,2405985,2177234,2770561,2083655,2594708,2038021,2040404,1810361,3155941,1599109,1300310,1355253,1702706,1964449,1887210,1670460,1499274,3479118,2164712,1616539,1742049,1601666
Win002_C02,246.58,1197554,2354454,1007573,2540210,1988249,171413,1083533,1474085,987750,1575739,946652,677981,1997626,499277,1476053,932657,795134,134,1108704,2408332,1550196,2500441,2136562,1629723,2387339,714209,1320058,58330,828737,664636
Win002_C03,253.32,1753957,1826977,1083957,2116946,1878718,2860,1355977,1517895,1205011,1832707,1305005,1709695,1646969,5396,1715426,8569,2374,6230,3683,1526170,6204,1481914,1197805,1799855,1085020,1475,1773,2492,1170965,1328
Win002_C04,264.23,433446,490949,200879,467644,342157,48154,320396,373778,283743,381390,271212,387074,446263,11839,354973,264,185264,7225,192924,347928,249679,435981,303367,423283,329638,129378,239564,111452,272007,171060
Win002_C05,268.72,133420,142426,152774,135098,144861,66242,152367,160611,179298,141915,141073,136462,139060,96442,136717,119175,127455,4661,146776,120790,135672,120978,132666,144210,124458,140691,131200,102907,126752,124031
Win002_C06,269.36,157863,215254,52325,199741,162855,11639,112697,129494,62169,209612,93013,25199,154059,42367,171422,37551,55680,0,56896,137207,73676,155020,97261,205012,78480,37846,63195,33081,122991,43459
Win003_C01,282.52,3675572,4188057,1943140,4920111,3653949,3059,2868734,3059331,2280283,3569632,1940363,3314545,3575468,763705,3283396,907317,1588072,4504,2885937,3872077,1365513,3196193,2443226,3738388,2399109,1173977,1468658,599234,2177751,854221
Win003_C02,289.9,1899726,1427658,1045427,903050,894712,783871,1096506,876891,864741,765361,955317,1075472,1615271,674657,841048,968677,422482,648073,239120,540052,869037,1287001,950038,908180,652521,565984,636661,884733,1190909,832631
Win003_C03,302.42,1548137,1515901,1182762,1360598,1620502,1272846,1769331,1655801,1351892,1487305,1362192,1429858,1771920,972144,1386538,1145563,1159617,211513,732849,1152925,1155419,1590955,1482730,1377463,1086990,1249492,1205267,847480,1108421,1141092
Win003_C04,322.64,1866929,1966794,1246364,1914119,1772863,1238802,1783844,1795539,1681264,2369812,1824693,1076030,2056908,1070161,1631821,1312196,1633275,104318,1015797,1466316,1354686,2006401,2837679,1853121,1444771,1641730,1386661,2021480,1298712,1283075
Win003_C05,340.29,331670,339228,226494,317219,307566,103114,275247,315655,260460,286407,257884,286623,318298,193764,322559,197475,218926,6984,199164,308550,202364,308933,265134,290917,275549,208892,255335,21551,248371,156518
Win004_C01,359.86,948818,1296482,559640,1471469,1041664,1464,732919,915054,758772,919372,583306,1034716,1093323,262126,922857,604808,471224,2713,635689,1436758,624315,1140778,1240683,1040291,1084233,410788,712482,238544,522138,271749
Win004_C02,371.09,154322,89725,68662,61776,51376,366567,147247,271109,91101,68324,153835,79177,59069,71251,79894,82648,142121,113284,57584,64695,86235,56483,100326,84171,120645,435008,328857,69063,91194,73514
Win004_C03,375.91,96890,77627,65523,68376,111485,42320,89539,90895,100334,101046,104002,110546,92638,46354,94740,61321,68767,10079,49526,64068,62229,112004,176120,69958,57592,65845,58332,40829,70959,67641
Win005_C01,384.89,374324,566683,240473,480731,519493,31815,422537,546449,320324,424371,332833,375081,413000,61743,373444,109890,171157,11574,207949,414894,169049,443096,370208,445764,263072,198600,232698,71902,221689,131289
Win005_C02,387.46,198484,262299,159148,241426,257039,144662,168432,209459,183809,228018,211503,357540,274111,122397,233896,191404,138254,119338,170762,346258,201165,293278,250373,201619,235193,113769,163198,121684,192795,142287
Win005_C03,390.67,1716151,2008677,1689279,2286010,2106480,1204281,1958061,1480867,2106967,2199579,1926882,1653515,1442472,1620334,2508647,1529134,1608034,1023064,2018806,2417187,1640191,2111765,1545211,2166579,1826722,1492089,1564907,1202009,1256797,1107827
Win005_C04,397.09,1345779,1669436,967117,1689467,1417410,12566,1158306,1459592,1019077,1551428,1026230,1519390,1609080,551955,1236162,701100,767110,4527,812423,1212355,652811,1113852,1105189,1687681,933442,608093,845127,10118,1054705,603396
Win005_C05,405.43,1754541,1562703,1221422,1459916,1278431,413690,1589033,1729092,1411058,1651042,1001512,1605027,1633078,317270,1222888,1055771,888645,179881,690936,962251,1094867,1799942,1597347,1629436,1227960,1009409,921682,421204,1131632,416083
Win005_C06,413.14,1070883,1036299,952074,1209221,1439481,415286,2052173,953528,1996687,754017,1057741,1461734,1634995,1159040,1155889,911137,803145,1496,1514283,1307346,802357,958154,1080172,582498,636947,911271,700271,302883,413913,283977
Win005_C07,417.31,2151066,2462130,1741879,2160277,1940239,1219583,1894738,2089410,1995447,2920125,2043206,2341309,2087299,1256235,2035803,1517171,1413656,9206,1302888,1831113,1426655,2011916,1949262,3190155,1608994,1224026,1431414,1118313,1628356,1362351
Win005_C08,424.05,2680157,3696870,2484333,3876221,2943113,1334438,2765408,2660879,2639641,3097558,2601480,2760697,2993147,1772992,3237600,2188575,2314886,871860,2499958,3621749,2179374,3857425,2608407,3333032,3298371,1797865,2422560,1744484,2147088,1744400
Win005_C09,438.49,398932,464370,371254,364595,534302,558564,505257,971484,384052,422658,499569,401270,552391,282882,407661,378312,385866,304012,278914,328351,370065,493579,353478,404340,382300,574275,726397,315778,365945,359945
Win005_C10,442.34,170226,175057,130904,192149,206637,143724,238735,300073,195001,271427,198045,308567,301873,119236,300646,198078,96522,23108,63538,115687,123700,226258,184626,179564,172175,127201,78452,103818,212037,212920
Win006_C01,450.04,481243,456004,186294,589951,423141,81481,325196,390972,329323,367135,279630,378587,461232,95895,373565,184572,221214,37422,242014,502548,270991,431308,462012,374263,380731,200757,295076,124704,224036,151590
Win006_C02,457.74,495075,571860,314755,486217,473194,187389,438046,418698,320866,393191,353688,542047,508011,230692,438994,249916,267030,1471,236304,443269,251038,432879,323617,492084,330420,271497,220230,117548,270919,199143
Win006_C03,464.16,520658,1087042,641985,753389,505835,27090,486669,885269,751193,1067149,585675,784541,810426,349242,774178,40280,398602,32685,290182,539514,384345,704759,555963,1839624,439640,290586,393444,17044,761262,719545
Win006_C04,467.05,762883,747367,545152,775851,728372,436962,700966,730474,612503,744249,710277,606971,758689,488586,580571,534649,630573,316116,493094,634646,614793,627971,916874,672949,585368,677858,588717,391120,476571,384490
Win006_C05,472.19,112096,157051,52929,150728,111127,35176,53885,92921,34196,135010,60497,106481,135559,26729,131028,27048,76158,9753,70604,152523,88992,141865,59846,187397,115816,44762,45803,37019,42590,32499
Win006_C06,475.39,334810,356157,241368,403419,444102,171744,452545,332660,393928,325871,340933,377532,402155,241390,365099,219228,309387,175726,446835,404493,243239,364563,339869,244963,263584,362354,243286,86737,188692,106311
Win007_C01,486.31,666344,506770,409530,449285,497560,402642,744995,375900,806234,553100,481790,499495,546250,397981,433619,514281,347215,231460,231885,293465,353953,529350,671833,429454,334035,531359,489115,265230,405258,378180
Win007_C02,494.33,1290811,935799,1104205,756692,541151,1098893,924876,1173007,1155712,993753,844604,456597,754503,762075,767091,1200730,702497,428083,456291,682114,989752,780640,1123834,1545078,914213,643691,741023,1012778,1230954,1324704
Win007_C03,496.9,1825127,1779863,1895619,1450650,1884338,5276,2200302,1500273,2147656,1781488,1683807,2503985,2528565,2541165,1837160,1515120,732155,126707,1350796,1388082,1515328,1958636,1359873,1524423,1351114,651160,710798,2378,1235342,2754
Win007_C04,500.42,3225297,4608585,4302680,5644098,6206941,3892169,5775803,4557197,4769263,3778864,5318766,4760668,4635196,3458585,4975154,3516398,7318620,8778175,9560905,7014436,3877451,4577769,4684039,3218159,4132322,9329894,6580826,3591984,3845585,3561586
Win007_C05,514.55,521575,874257,303193,815635,1146967,404452,841006,600322,464994,752063,600220,645375,765323,469872,841230,250151,653951,488179,784073,709973,405175,665962,541552,974789,508093,636075,425470,322641,401640,458171
Win007_C06,522.89,150962,465749,235802,415008,268775,9899,170567,323620,211121,357579,257575,357594,204670,120893,301874,244748,385787,209777,499177,1057093,371488,430360,437078,525579,631197,319145,257260,18775,97336,10214
Win007_C07,526.74,2753353,1578582,1447262,1709475,2680791,1038765,1812630,1859768,1384148,2219180,1772153,1987357,1484408,1125237,2127444,886233,1647926,689030,1166906,1169682,1159141,1148441,1317877,1618931,1027722,1910850,366903,1166843,671759,1265491
Win007_C08,537.65,1184714,1181274,841482,1204434,1078407,23011,1001569,960390,675436,990726,966129,1033042,1319972,585268,1086338,594840,888900,43093,892365,1110136,779939,1013763,1004131,1275009,894023,772420,787229,12537,799127,515907
Win007_C09,559.79,932284,1290859,677193,1332114,1262210,391972,904780,953691,713234,1046260,910580,1078852,1240068,472380,957503,104794,812224,95169,870974,1286636,791989,1310472,978454,1133290,870637,926616,803426,306422,612419,407399
Win008_C01,579.05,3699434,3465738,3268039,3681713,4650239,1007468,4450092,2825356,4114273,3243029,4245984,4542846,4524071,1375245,3958593,3207714,3602660,2004538,3202378,3741325,1811523,5479839,2606339,2588400,1513184,4126776,3008294,488838,841180,978067
Win008_C02,589.64,1444722,3113872,2988898,3908236,5624734,3710219,5084131,2747220,3954598,2437286,4553912,2606333,2423537,2739662,4464992,2001905,8087952,11904883,11611856,6242101,2615432,3026002,2754244,1653123,2697592,10358957,7078635,2485166,2477219,2569585
Win008_C03,591.57,7603542,7125995,5207350,9015892,6604265,4068017,5834400,7119148,5748263,6443206,6482572,6595563,6890547,5331799,5814590,4969105,5833990,2962005,5976399,6568381,5843317,6190318,6415619,6163322,5796566,5769015,6309008,3963601,4601387,4055910
Win008_C04,597.34,3240502,4747601,3388675,4884570,5254990,1868577,3410341,3612554,2936476,3816211,3675871,5794022,4366171,2207102,4539583,1932717,2926676,1096111,4067680,4543319,3593846,4792560,3703973,4368111,3628272,2716514,2734911,1748160,2654509,2332215
Win008_C05,607.93,3400831,3134012,2445233,2776449,2852900,1150848,2668230,2165672,2257119,3110073,2798077,2434453,3166940,1596165,2704046,1755047,1809402,708157,1512916,1965501,2050384,2724294,1948746,3798345,1846065,1504051,1538112,1434237,2872796,2034767
Win008_C06,618.84,3141141,2111993,1674379,2432300,2114944,1527867,2251637,2255059,1653676,2075614,1825846,2468056,2528274,1487867,1968967,1357130,1594294,858004,1458220,1761248,1855397,2184903,2013166,2688962,1844873,1918714,1797501,1563463,2315177,1713709
Win008_C07,624.3,627693,1130997,745432,1233419,1873040,38216,1340893,627010,1449088,985871,1193890,1397332,1702595,162923,1544567,91122,376671,28264,1082518,1156397,483358,1779151,536340,597072,394016,291089,187486,35371,175692,19964
Win008_C08,627.83,905842,750269,445756,710082,515948,420972,607908,607253,493879,558630,470706,536562,702431,396844,626991,399903,640347,351867,471808,656301,436922,650400,605349,649178,608572,744629,954849,290947,745521,370885
Win009_C01,647.73,429028,605137,536394,714349,691801,255157,705459,378287,839907,514106,643094,649040,344935,236867,991897,243314,227249,56586,534850,648978,373095,533983,417666,644266,650872,423190,228938,255859,324346,201266
Win009_C02,652.54,2275537,1541015,1315833,1868320,1708800,1095263,1657404,1701352,1580481,1396624,1452070,1576076,1507539,1082663,1335878,1066631,1058124,7948,1026444,922844,1478352,1203751,1668621,1659252,1184749,1386919,1137083,435603,453326,445036
Win009_C03,660.88,533254,736509,707120,883585,1083549,681973,943768,731210,846745,601946,979971,631824,684333,550297,872042,557661,1337527,1664949,1742163,1215861,618516,760224,653609,446097,710104,1583132,1169016,512022,554958,544873
Win009_C04,666.02,474355,421126,348092,377124,306501,314850,383228,396008,377145,346080,253912,360051,384516,280143,331905,325617,159006,139500,161865,217263,281620,428495,474612,412927,311678,207342,195071,276706,366929,338665
Win010_C01,674.68,4709142,5521996,5033284,5931086,6327615,3124522,4821581,4613862,5130201,5419312,5208683,3812165,4362958,4630186,5145551,4074121,3525580,3054359,4559154,4579252,4586419,4301441,3918171,4085156,4161662,3278402,2894249,3632298,3911683,3945845
Win010_C02,690.09,1461186,1145039,1040262,789620,653489,734651,887524,774811,794435,740806,889111,1079195,1185311,907316,944377,1043725,394454,529061,296107,481953,979418,972617,828596,877257,711594,455603,619018,898682,1065646,793344
Win010_C03,692.65,3859247,5763243,5458661,7179020,7970186,4802913,7148677,5756067,7066937,4939808,6327981,5075218,5098130,4421515,7032897,3929791,8431515,10897718,12428042,8687141,4873610,5870292,5678358,4145624,5247764,10372809,8666838,4038028,4050705,4179912
Win010_C04,697.15,549366,1038854,1033219,870559,932774,599666,553360,879293,568046,961224,725324,860574,965142,437354,801615,698039,690085,335119,614371,742204,836951,1075180,810449,739984,1363360,767070,846799,545560,497844,546748
Win010_C05,703.89,4269298,3603799,2727015,2788012,5045197,1913419,2998646,3041501,2281012,3141378,2952078,2894197,3560553,1496477,2108981,1284473,2457783,980433,3227394,3844065,3154431,2814183,3229483,2574391,2727759,1710347,2506391,1949477,3019579,2422785
Win010_C06,708.38,3507483,2447924,2445810,3517368,3295942,2129202,2204826,2399656,1960464,2629315,2023577,2768869,2892607,2214688,3205813,1710818,2762411,1295188,2149992,3000599,2648346,2668503,1433883,3861295,2242402,2782536,2333539,2088365,2903239,2703879
Win010_C07,712.55,1422113,1233965,435149,539950,499587,374459,1648367,500390,1446784,623701,701064,742036,678139,18746,834818,2191565,1404205,177513,1178722,669864,638558,355036,2164622,162933,438469,230139,888839,4313,15138,261
Win010_C08,716.08,2855426,1984083,1310220,1753422,1784845,1476084,1149265,5669611,863536,2272733,1100768,1772136,2650022,1091711,1335822,874859,785793,899611,1627218,1874425,1547267,2495705,2422063,2710414,1691835,1668472,2296381,1043055,1778587,1115859
Win010_C09,724.11,890998,1432594,1207598,1882910,2048192,1078602,1677089,1195292,1560957,1277234,1448495,1204797,1163738,1057133,1830878,981137,1897275,2596568,3354706,2593109,1237474,1537582,1425700,957465,1503658,2292524,2019041,899560,806496,827565
Win010_C10,725.71,756206,620840,428380,394457,351391,315728,492713,342484,362529,358110,423100,463411,626666,264997,351627,412639,193325,279061,139024,268736,372223,512346,388523,404426,303557,248057,312922,371726,482200,315775
Win010_C11,726.99,2379637,1920936,1263955,1118430,1157733,882917,1304440,1027396,1004472,1020655,1025707,1382384,2034962,755827,1020447,1129889,510309,656640,411420,598930,1082717,1663373,1364868,1197170,766579,663833,844674,1131437,1507993,997417
Win010_C12,730.85,471696,609167,546971,752870,809385,604811,695726,576250,698821,537598,754223,473750,497141,449824,760732,457328,967195,1113688,1228197,939734,472616,641568,629814,428962,560703,1061639,931525,369736,413143,361944
Win010_C13,733.09,695828,934972,666308,904624,1032644,396986,800633,787464,674976,800568,716885,778487,879986,424240,730068,465491,760018,583721,812099,757857,572076,827109,502868,918987,605861,825022,556357,527889,496361,570803
Win010_C14,737.58,1374544,1057551,780633,645565,699673,591977,822007,658872,722768,613038,711291,831394,1085923,427318,695559,681755,374818,415455,315024,477277,612183,1059589,728592,761348,616655,491477,562684,654056,851318,608429
Win010_C15,745.29,838632,608806,545612,525381,471374,439147,657539,696591,610621,690859,451684,594332,727245,445233,519969,465346,414531,268912,294336,354286,483348,669238,722058,665763,420127,354887,409106,472556,588804,528277
Win010_C16,748.82,282292,271588,167860,241494,233169,181348,302942,222041,381949,239675,234019,299966,308616,198817,228928,369255,167290,156522,119838,194776,185675,267914,484401,189748,216254,300194,235970,170163,190823,147844
Win010_C17,750.42,813117,337267,334970,385976,341552,328206,517591,415582,443869,391829,267899,471877,402901,292980,339988,415892,229819,145670,189530,239019,314605,589648,651813,413254,321037,257770,420474,272296,459082,292706
Win010_C18,753.95,919180,300808,256097,484701,220035,196679,492303,212662,182681,260438,235982,290559,316748,157736,353782,78186,208159,148128,293535,270761,306747,333958,199020,771199,340675,306742,297449,121431,620227,179302
Win011_C01,764.54,2754188,3012017,3913172,2273520,3116025,2157581,4021605,4276526,5639526,6501485,5430751,5127823,3210154,2746477,5150809,4238486,3198960,991216,2235785,6801378,4191649,1895660,2835368,5192345,2140494,1756827,1895851,2812124,3017427,3749834
Win011_C02,768.39,1566547,2630536,1846277,2722892,3731510,2239944,3581357,2547222,1862038,1863863,2616412,2099227,2087751,2136413,2295181,4297,5968658,9092318,8072937,4263286,2021063,2529431,1856708,1395789,2208147,8463255,4663116,1681320,1417185,1584177
Win011_C03,783.8,574010,839372,779541,900421,914884,694846,883313,711006,736829,893851,878544,934108,782616,573493,982215,518184,652644,638273,676258,611803,664142,852695,525289,1167919,712067,860561,768983,558574,669469,524422
Win011_C04,794.07,653174,946435,879742,917840,928299,439019,777827,808230,1152239,1011016,956922,1075730,756159,481072,1278897,644112,566745,251803,589219,1278683,899572,1110040,576207,1043623,1183534,542677,443942,486522,549189,595901
Win011_C05,798.56,1236481,2251776,1693388,2986994,3575206,1365051,2733081,1887935,2442797,1823657,2288626,1828354,1749024,1294564,3114476,952230,3382970,4574426,5948959,4156737,1779234,2369158,2218057,1495749,2047702,4057243,3713335,986245,1273117,1096123
Win012_C01,813.64,2481154,2569222,1890568,2185741,3093883,814847,1698961,1505886,1356624,3236488,1838077,1844941,1582585,807703,2544619,858713,1931754,488746,1311800,1564181,1511209,1489592,1067072,2414199,990793,879250,897431,1181873,1836680,1918350
Win012_C02,820.38,2292152,1575034,1510313,1116726,1001384,1622648,1823650,1902557,2426998,4041234,1839660,2167562,1652624,1692941,1953765,2466106,3774198,1189576,1439285,1473811,2439881,1712395,2537505,3146603,1440358,1472820,1834055,1368843,1102281,1675803
Win012_C03,823.27,899390,1323793,1003601,1630996,1750892,972881,1420595,1269227,1500126,1505298,1449676,1372337,1069252,1098444,1576459,894152,2213825,2721650,2618008,1858140,1251619,1079054,1166921,1105079,1067083,1910551,1692177,773642,826143,763418
Win012_C04,831.29,761391,1241409,621870,1283231,2284621,486178,2296846,1434975,960771,1021196,1426949,1269731,1148888,403201,1392993,872,3466680,2769737,3149154,2526998,638874,1368051,638445,901778,916457,5387467,2294298,249742,929244,469663
Win013_C01,837.71,2580894,2049257,1407603,1074708,1160811,967295,1325088,974547,1003826,1062790,1113752,1439429,2050760,719587,1155495,1181413,431846,614518,271060,643022,1118451,1750086,1184036,1308759,880554,754451,857315,1242672,1339183,1058815
Win013_C02,846.7,861918,731612,578473,462271,550587,413625,631710,469798,496274,439485,570749,648365,766424,362169,498235,549321,287730,420668,197529,347653,501476,606585,458992,480119,392262,405111,449481,499015,576225,411057
Win013_C03,847.98,11531427,9089320,6405049,5282995,5482671,4491281,6347023,4804295,5085530,4843518,5736769,7046604,9602504,3530392,5508825,5807789,2338863,3291994,1622931,3303851,5394330,7965197,5571788,5833911,4108374,3267565,4038659,5526002,7346877,4746003
Win013_C04,859.53,8457091,12726526,10207626,13354232,17286466,9328363,16721759,11752029,11530172,10028185,12681813,10617153,10861883,8554615,13677123,32376,19493740,27999876,27956535,19355651,8646058,12161305,10018520,8465644,10642166,28816654,19487071,7438322,8160446,7548139
Win013_C05,864.99,69735683,43841998,37475398,69936996,59536574,23886048,57446107,50230251,26856916,53244114,40148674,54779010,44754799,21345333,50501264,5389204,30166133,1912948,31230901,32847419,37693945,48194074,48295252,61592374,42274953,32237066,36619088,32927571,71845187,40606037
Win013_C06,874.3,17932754,32340216,20619803,22086296,30068559,12140255,21997422,24312549,24194335,31552617,24514962,31943544,25970561,14135579,29473508,18624749,12723865,3282329,12572935,19107612,26829191,26630143,25925637,31603615,16480852,12804364,14655992,14632857,20398944,19627967
Win013_C07,880.39,1377750,1215294,2116021,1389597,1343522,732783,1305685,883689,3783877,2572091,2214822,2336872,578785,469759,2985472,970341,549409,217396,544906,3574014,574165,2113940,1091894,2525931,3733512,1039083,145022,551314,877172,509784
Win013_C08,882,1733954,3329428,1848855,3575215,3311081,2060345,3014719,3010638,2888919,2785805,2633855,2357900,2925195,3027845,3007441,2005581,3829533,4702348,4940176,2773049,3679508,3084155,2540705,2031887,2191028,4234874,3861333,1866659,1775937,1528136
Win013_C09,892.59,2271847,3477198,2988987,2762885,4437915,3225157,4532629,3490448,2210267,3154259,3368899,2956188,3205943,2569456,2394154,1581458,7613576,10930296,7323787,4667416,2173340,3572060,1749903,2141033,2598528,15584263,5672679,2858921,2829000,2604892
Win013_C10,901.57,1234636,1925120,1237957,1593640,2658500,1247209,2877777,1894234,1582807,1604619,1920596,1676558,1794211,1034805,1862631,814159,3801377,5258035,3859724,3044362,1162150,2046489,1177973,1267299,1606010,7258718,3107878,925910,1455430,1086690
Win014_C01,930.78,190541,204862,181098,176006,218805,115118,190059,162416,184250,144814,185555,204521,250973,123244,170997,122615,98110,110387,90178,124271,184126,208795,181987,190606,125089,121882,128457,142411,148104,95060
Win014_C02,937.19,4306599,2466903,2503895,3490299,1820945,2431249,2107066,2190103,1877170,2360709,2232497,3134160,2830934,2479368,2965343,2516631,3210040,903425,2221652,2315772,3726515,2342651,2762853,4070925,3586429,2236971,3047034,2282440,3462420,2529850
Win014_C03,942.65,2861306,2168201,1280719,1686314,2107165,722170,2092330,1957382,978333,2387847,1533563,1802088,2660877,892606,2068038,629287,1621040,1211362,1605736,1571941,1293779,2277761,1543670,1656516,1350622,1957170,1720659,859368,1880632,1278042
Win014_C04,947.14,945319,2514361,1915991,3223181,3797301,990871,1974063,1868112,2910243,1500080,2313524,1887918,2103363,1118463,3615468,1652214,2921736,4255077,6219094,3029335,1932709,2029298,2816733,1415541,1463900,4298899,3518693,1012378,1099147,1049234
Win014_C05,956.77,1483765,1520995,1321984,653978,1134165,901534,1082065,828844,1325287,1064993,1407874,1362083,1013860,840156,1183459,898238,903443,550113,457103,880632,1087666,1301074,894220,1281461,1061286,642703,618467,1016966,817273,791232
Win014_C06,958.06,64240,117596,136830,146248,204363,123395,173254,118373,147410,83407,144118,95608,128518,126224,150578,108757,225174,328819,331056,175048,117195,101629,114145,68659,95335,282009,240153,102993,82548,86062
Win014_C07,959.34,915150,662882,567514,680413,669409,557775,696376,924715,572767,729474,473484,737138,772665,447960,525806,467153,436109,178537,333675,487768,475897,914327,880633,729504,542002,390246,399772,448635,550630,466999
Win014_C08,961.59,257456,268531,290558,291608,233539,118544,254127,193311,647206,408409,425892,397901,50925,76924,423564,195752,95124,108616,98372,563297,135811,316355,192441,357837,565040,169095,46999,98753,119206,91317
Win014_C09,963.83,575562,378190,414487,433546,411216,475947,547046,502388,349178,485629,386489,673098,491144,313572,434839,309080,292919,243000,227906,501907,313291,627361,573160,640241,370780,324743,273937,353275,462949,351329
Win014_C10,966.4,44169,161946,152876,251707,399154,193817,246807,166539,238954,113834,260339,209642,129339,177008,255870,151791,366423,712494,699241,178440,165159,223918,268987,131615,61898,575276,329309,130118,42557,115078
Win014_C11,968.32,272681,352751,240996,500619,475866,271308,313828,206157,248936,318299,261011,240054,390407,201656,314824,142680,574821,350301,556420,403625,305773,302517,129371,234721,209242,475078,317842,188523,326534,305597
Win014_C12,973.46,492362,445390,623714,508009,521938,271998,652939,331434,890213,755190,648530,726676,285117,174516,855546,290483,300966,242894,326454,1107579,299399,808574,432213,728328,1261342,507786,178116,317799,384046,228953
Win014_C13,981.48,854795,846247,839013,612818,648970,685984,992722,970879,808129,970419,542874,996714,760178,444065,766558,548858,351409,264784,378831,946837,603186,1270410,865237,781439,816197,522555,342733,595548,750906,588280
Win014_C14,987.26,163023,97261,98130,208894,148488,91820,190601,160536,82366,77015,69884,151649,172361,41006,122057,60338,204670,210263,223313,200525,100457,127507,159813,93792,76610,125968,101743,111963,132750,91363
Win014_C15,990.47,61750,67808,53688,60554,159383,7648,139140,65691,127000,84624,115935,94125,96649,8849,115838,166,78858,14551,64781,105937,15564,83171,34044,53645,50358,67444,37525,5799,63446,14140
Win015_C01,997.85,230658,194308,443854,276602,368074,175361,337709,207547,745335,330933,558935,443308,124927,140357,648299,172289,253077,171114,297804,572873,157961,347271,206467,528616,474738,296891,91980,149643,157002,106971
Win015_C02,1001.7,1783433,1604370,943175,1337414,982087,760950,1232648,1236425,1209616,1193444,644314,1053574,1274358,926626,1471204,938360,523383,456706,547312,354716,1041284,1458862,1701407,1384268,729667,805452,729871,648086,1022164,848197
Win015_C03,1005.55,2379828,2191905,1664777,1676081,1987328,1070146,1909912,1432652,1816603,1735174,1672869,1973341,2541419,1265745,1822389,1698998,927773,743175,837398,1013971,1626979,2199393,1845519,1706087,1349388,955677,1201732,898920,1479569,1139791
Win015_C04,1011.33,479037,920775,106131,1490222,2049291,105624,1034929,1014203,852396,351697,722897,531259,421997,656245,1064436,506284,2105969,4219840,5302170,2131777,1094095,512314,996973,470428,71746,2586843,1939186,85250,48816,81720
Win015_C05,1023.84,1334723,1087258,805164,960042,622291,643005,748458,1488389,815060,917231,615447,1154467,1271286,608869,733367,674709,512285,285978,460862,587926,726972,1220245,1102953,1117075,836039,557996,548156,725148,806318,589303
Win015_C06,1027.69,512537,397668,336120,422117,295896,328233,413360,310337,446753,415756,308620,334033,356958,234238,364284,243246,294638,261738,260559,331565,214604,483799,423619,454165,357331,326731,306454,299581,411477,250514
Win015_C07,1029.3,117404,139580,61223,112668,323209,344159,541686,1578816,76860,262727,117390,328897,296695,165308,122485,259905,218570,118743,76560,325744,225743,265188,287495,190340,151055,238845,185335,171885,148486,475014
Win016_C01,1038.93,111509,62558,68942,64201,90441,53488,140967,73476,203560,58028,80221,92193,73927,65704,50515,101337,106483,24631,45691,43133,66323,75927,150114,42437,84623,45208,39408,68851,74232,64544
Win016_C02,1042.78,203897,111782,39485,64679,58362,34528,177874,81234,188200,75526,52166,74652,103316,64912,37854,139037,81787,36977,41673,46573,42114,78327,282491,56972,46336,61461,23165,10313,3508,21986
Win016_C03,1050.8,529812,528853,468517,359349,406386,261414,418670,338759,387307,415504,516239,387392,491915,210381,502090,385428,236790,201798,89270,262968,368143,483583,366478,385727,337055,182740,200999,177650,216530,150311
Win016_C04,1053.05,69619,55222,71576,47687,67961,40180,109920,45200,101090,79658,72607,69022,37029,24283,123141,30745,35012,24916,40467,138871,36861,74473,53653,70645,112323,77159,34764,32124,43386,20563
Win016_C05,1055.29,161094,172740,175409,178605,158559,112524,188950,192816,253781,193343,158115,183950,168225,173613,186781,128631,136372,174243,178297,196751,157509,185110,179354,161649,88381,178605,140798,124205,149571,129560
Win016_C06,1057.86,219039,170364,247602,206306,307159,165282,186568,170184,273040,241784,237569,209912,223620,237568,473264,152746,153714,103645,140426,175367,183203,195730,140029,154968,151531,132916,124671,137185,196109,131045
Win016_C07,1060.11,315756,268673,226099,252881,241643,215091,631408,286897,413720,345500,342063,445291,254100,125837,310118,127263,134098,47179,72149,139459,184702,459599,296300,451651,243101,46854,84937,201779,222741,259339
Win016_C08,1067.49,911747,783073,488629,766800,582555,379933,574682,742079,601491,630851,425601,608901,854178,431878,737258,659128,365435,207579,367949,424315,596784,938312,784725,720522,505213,389629,444812,331075,531725,360956
Win016_C09,1070.06,203877,148869,76849,50263,98405,90169,233218,116045,284190,83923,89937,148249,134173,99939,36128,243423,172839,154505,104463,103187,87260,114915,260322,127087,94733,117302,73907,43629,1989,43471
Win016_C10,1073.59,220219,76837,150127,70586,70323,73670,71555,45499,52298,44787,75027,77650,182461,96575,108655,52657,69829,29477,30009,73336,132037,168249,49768,108060,98552,97652,99279,184183,120229,34551
Win016_C11,1076.8,472415,363472,306247,321146,400854,177175,335747,347436,514024,521056,368655,427465,565526,150501,525397,164155,349546,53858,72117,102316,177887,447690,356065,425707,252115,191314,306210,293472,301105,202463
Win016_C12,1085.14,1026974,742129,739677,773308,702360,657345,858369,1016977,711261,720260,585518,695827,736132,580852,893253,594504,486320,282610,396830,543055,517675,933877,832518,941108,653779,547996,404810,526771,776751,589692
Win016_C13,1087.06,14907,10263,24030,19743,92141,15125,11367,10506,18376,21847,35624,27147,33508,12289,34338,9811,27089,2307,5315,46201,15737,36725,15734,16915,17542,20479,2088,39626,21125,3292
Win016_C14,1088.99,445274,288617,289420,329526,232913,238309,381748,381134,310482,356861,208720,317682,321914,179094,252217,217352,194057,105473,173123,232126,182058,416508,386018,364304,308915,189827,191284,215470,303802,213061
Win016_C15,1094.12,165101,158860,137931,156641,170634,115903,216894,185581,187357,177097,148379,194959,193754,185677,164910,166247,132342,86486,106432,154976,142738,174942,147279,138264,145094,126722,108179,107517,160066,222832
Win016_C16,1096.05,84741,63798,45661,66911,50636,31886,36473,21780,30055,33140,46850,47003,73116,43611,35690,32763,15494,12692,11222,19410,55453,64531,37834,43653,50472,24796,30150,43930,56912,25538
Win016_C17,1098.3,18878,66280,43408,24117,114051,82927,191769,191747,19670,82606,37512,91103,81088,26139,46912,52071,68580,10372,13077,64226,65846,95618,69521,84038,22796,28147,65788,44161,39163,179910
Win016_C18,1100.86,42454,48953,39162,46962,43882,91404,70100,100930,119451,50782,19241,37187,79603,24873,38085,62965,44905,7289,13637,87922,37961,89235,75337,53550,52000,61526,79373,52424,37632,34878
Win016_C19,1105.04,97978,99329,130078,76735,107931,31477,138731,32621,64125,98826,79820,108976,69593,61166,136387,29295,75628,53222,83009,14250,34295,107155,63258,117183,69806,57689,54442,25708,59792,33215
Win017_C01,1114.66,1989096,1682185,1679224,1113393,1306047,665439,1356455,1182636,1432603,1312742,1015425,1323629,2225491,1026383,2029969,1041776,766179,364240,572636,317906,1685660,1882009,952007,1275934,1112105,703282,475955,1208755,1245554,1001268
Win017_C02,1123.65,3054011,2558070,1366997,1869379,1482055,1411765,1658553,1456905,2194725,1805537,1347279,2053065,2659991,1203599,1511618,1545795,571798,407992,602395,1058001,1625370,3233033,3080639,2583760,1442998,738520,1371705,1211513,1533778,1466094
Win017_C03,1126.86,4975812,5110710,3803743,5043493,5520730,2893265,4320585,4934041,3725994,4617823,3437566,5384326,5507769,3034365,4060965,4105964,2829498,1848057,2480391,3356602,3794758,5055576,5650292,4251404,3536733,2783641,2933303,2821994,3376249,3332631
Win017_C04,1131.99,988447,907880,541944,490651,514586,284435,604508,394461,352801,428725,408120,519824,687944,345394,407582,537726,207081,271291,164826,297196,552122,714247,559890,510053,372861,441663,308208,449647,430072,398060
Win017_C05,1136.16,887350,648202,925126,734453,904832,605867,839118,626894,832333,767398,853735,760027,1040603,937952,848389,597968,884862,322255,456053,519530,502969,743542,478869,613152,523530,471390,453946,691859,561281,516217
Win017_C06,1141.62,553484,468273,448163,309025,360033,306340,410945,365931,420971,346435,339052,515629,604386,235264,322172,452757,108924,182139,116471,253308,377686,570538,394328,431405,278576,170328,221380,328062,405351,299574
Win017_C07,1143.87,1100580,796005,906851,775051,620731,815470,1026607,1073919,754747,1002726,527879,997424,744239,449206,842420,539845,436720,321750,350641,837359,517170,1345965,978872,992922,916533,642359,421283,714020,921330,660805
Win017_C08,1147.08,605189,404908,312527,332459,279314,300080,508367,474659,412891,396043,286151,463495,397952,217836,313780,284413,100039,137111,154328,327448,268550,580497,491616,501588,301948,254656,227515,286204,408357,244156
Win017_C09,1147.72,70016,73781,63788,94356,104473,176795,73195,61437,92408,52161,135559,60814,100663,71895,74623,54446,377236,63386,33023,56332,72095,108299,103717,84346,429819,170540,229967,53492,92398,71104
Win018_C01,1158.63,113487,123049,73058,61038,88233,38549,95489,84316,108016,54480,63499,99896,93567,47721,82335,100069,26310,72198,52918,71579,88432,71710,114742,64311,29965,88009,20220,70836,24270,47288
Win018_C02,1158.95,34200,31050,18664,52446,34512,66414,30451,27706,37689,23653,71335,16922,54974,33907,34359,29970,147411,10927,13234,20781,31256,42392,59265,38018,252825,56107,92625,27211,38121,27144
Win018_C03,1163.44,108895,102021,46144,81201,69040,107524,45291,33644,61146,90564,39040,123612,109550,95389,63998,62335,60286,29478,47257,51414,117818,108203,95773,63909,134355,90761,61825,68643,64226,70986
Win018_C04,1167.94,187914,155421,99535,546804,310986,96965,104273,169057,113654,107621,83671,266864,195417,140954,211893,107294,120195,99312,103204,102243,99063,169833,884746,147678,95095,248136,181177,108782,144198,135072
Win018_C05,1169.22,42361,50416,41417,36769,55593,152359,61561,33825,47670,36272,128686,25404,73472,53070,42575,35545,321519,27295,20608,25880,45565,79043,61460,56597,377596,95639,137564,31780,79285,67863
Win018_C06,1171.14,126512,167823,108707,161050,195694,278703,101685,91359,83806,117601,124476,97711,186922,107778,141909,83545,138402,106670,57369,102870,127313,239751,125491,167997,215462,444516,336611,154718,196990,177695
Win018_C07,1176.6,190001,170781,131501,109375,87732,53557,128599,100004,142728,89088,113393,221091,242462,82285,134128,175566,68714,70045,18929,67694,182578,151422,165010,136686,104273,45861,100070,115303,120291,65976
Win018_C08,1177.56,192111,148661,70845,110832,83376,75927,130629,108080,97125,90106,88971,90210,139041,92152,56224,134843,36159,44243,86414,60836,95968,184622,113441,134459,60202,50269,48338,110631,100616,78111
Win018_C09,1179.81,305900,259823,158609,84466,132481,185444,137048,112728,190157,68453,87625,137043,159585,90578,92230,101115,26777,123882,113654,140238,99249,219393,193864,106850,109218,132997,125134,62382,134469,35302
Win018_C10,1183.66,210136,289414,127351,330888,198809,120472,227952,278753,151536,288695,124126,233355,302324,70644,257734,123000,40077,36762,95261,166396,143705,411774,176820,272745,58821,85667,110021,128278,129779,134714
Win018_C11,1184.3,25259,32406,28636,55498,39533,62633,31374,22466,33138,18085,16690,49198,56148,56011,37707,21443,33240,1300,5857,14924,25481,43115,59304,37383,238255,17345,35241,11268,20112,27469
Win018_C12,1187.19,101028,64733,58675,119452,82062,103842,181435,36036,88881,92527,116264,66938,142076,72927,46586,127479,66210,49776,4889,49937,101659,116604,164542,127186,95626,189353,156484,41089,69924,93918
Win018_C13,1188.8,69834,56249,34557,89057,65499,136321,89918,59160,69096,47443,59946,39701,80262,47916,40827,52767,122388,53052,30047,53505,43960,81842,113314,87365,126735,202640,295344,37851,65705,67487
Win018_C14,1190.72,154881,117078,123251,127707,85972,90075,63952,105446,106244,137408,58542,151935,78476,102612,95714,74467,73465,50449,80450,39910,103573,165192,171887,84475,207847,69553,53647,68884,111849,97356
Win018_C15,1193.29,69794,69939,62377,71249,86448,237984,73754,61719,65864,46824,231197,49921,80094,63007,64806,69766,243955,73981,30089,39681,61084,70920,59771,54486,60448,189494,200929,56638,63110,55392
Win018_C16,1199.71,1114183,757879,634300,919943,613710,603461,907705,1137832,692138,810860,505432,864668,859513,526361,833522,573393,485105,325909,425775,435499,507031,1064689,897402,1111863,710126,523874,504436,605332,883375,639974
Win018_C17,1200.67,147358,149672,87995,198728,141198,251161,157846,122366,156361,92068,78617,75699,201732,94596,123178,93599,152180,98207,75128,81371,73220,168332,180089,163091,162510,521912,517070,72647,139246,115613
Win018_C18,1202.91,577152,430496,397122,392613,342143,369182,522448,507045,424873,507994,314034,461297,452177,224191,353569,313869,281605,142704,215513,344312,327729,561012,597735,557779,414572,276867,307003,355679,426846,313819
Win018_C19,1204.52,52821,33252,67694,25996,24354,57836,65328,27308,40039,61154,56308,25044,47797,18426,20688,39576,346912,33915,7213,12293,26121,24389,32175,55185,12890,93138,84446,53127,26925,47054
Win018_C20,1207.41,58580,41020,19936,63757,32482,24792,51872,58079,42389,57281,26525,33306,51970,33972,73059,30458,46155,34596,17132,38410,23125,71881,56411,75573,18720,43095,55090,33357,45345,49191
Win018_C21,1210.3,281934,329327,138886,88915,148115,129688,118068,152318,49562,120975,141747,180769,198317,108956,148839,130336,70107,106908,41148,53779,207954,142884,139833,93599,127452,94545,53306,218442,135039,91643
Win019_C01,1218.96,218987,209216,243274,218657,221017,156186,123864,195712,272261,155505,278862,335066,190299,184274,308324,210971,87465,128653,151005,39000,346720,120167,294891,227031,85454,113248,62976,256561,111913,290794
Win019_C02,1220.57,26206,12902,15619,11159,20961,38843,32600,12525,19696,35141,25212,9408,14198,18459,13028,23130,39779,16307,476,22851,3538,26160,17842,43459,137737,33287,85935,16875,49408,9182
Win019_C03,1223.77,717131,976650,815821,956285,812424,621915,1202964,1242727,887530,1002195,399448,1055124,1248566,259906,718031,649775,262112,97928,410256,917545,517350,1846134,3516915,940676,844159,490188,348779,613926,630679,857738
Win019_C04,1226.66,2847181,3427453,1543891,2948359,2987999,1675011,2443770,3140290,1390796,2349501,1889666,3788123,2598758,1174301,1568275,1779867,1007639,1129186,937112,1359646,1529048,2835054,3412126,2388946,2166538,3264509,1817249,1268535,1616614,1772111
Win019_C05,1231.48,225517,188818,87181,210818,155580,225841,235423,170980,205251,140503,57445,162318,307665,176685,209237,166848,6459,130136,81559,154433,149288,213222,246165,235197,181800,561675,765193,109183,292127,148419
Win019_C06,1233.72,260781,165400,239667,232449,275449,121482,315024,260191,146858,196648,337045,150208,225161,189013,259635,158960,346523,565440,380974,297387,253336,131959,235641,170566,127313,335209,197639,188565,70617,115299
Win019_C07,1236.61,246788,209855,126070,196487,168352,319227,228612,169211,228743,125609,154397,175549,282233,160555,183758,186919,167339,144107,91303,149873,156765,254295,347783,249521,324097,474324,636885,103943,193957,141244
Win019_C08,1238.54,1881785,1417202,1161416,1647317,1505552,936592,1360797,1708881,1121535,1614834,1060206,1551170,1595963,767338,1096152,1032312,790751,553754,715596,746361,1032307,1918617,1447463,1439737,954888,721191,782025,1150493,1004704,870940
Win019_C09,1243.67,275403,336694,328469,275088,230421,121676,381974,354422,305552,322381,160334,232368,392494,70663,312466,290343,169385,118909,139677,240942,136296,697223,594452,585355,216654,145824,219591,240920,241907,186365
Win019_C10,1249.13,63174,81792,48790,77179,112979,365936,91576,74233,64248,44636,415979,35935,84636,58181,56928,60387,502486,92140,41549,46908,62793,78394,50376,56469,85375,310059,289110,66352,66906,72587
Win019_C11,1250.41,370544,337114,199636,208991,248320,259830,152225,191181,125456,186421,184580,312027,311785,157892,203846,182053,296568,96538,86218,155251,287062,361451,339759,233262,194400,125101,266331,172391,201282,133164
Win019_C12,1253.62,1532138,1010709,1241175,1375459,710755,1061758,1382068,1532454,1388028,1130593,834512,1438819,1132380,780740,1241185,784530,570769,438981,463817,828860,725453,1427568,1368788,1647392,987765,700203,629481,797660,1380444,1019511
Win019_C13,1256.51,689831,504468,418986,502917,339287,384429,602996,512538,492187,510902,335275,459390,431922,273838,413501,395146,274250,165523,218643,369319,344819,614482,619815,662952,440770,318709,298688,324707,512388,340902
Win019_C14,1257.47,112770,103599,66407,94725,105271,202634,110833,78852,68430,69488,68953,75211,140992,60043,72697,85012,65068,90176,69157,63385,85563,124836,128980,93536,108888,338386,381386,54264,97918,81614
Win019_C15,1260.36,139908,48651,131633,96989,188129,316829,117829,112702,69363,83924,205178,76385,79789,107070,60410,106429,422855,275724,42005,110817,72956,127211,107359,58179,60048,639396,458161,103959,67952,52218
Win019_C16,1261.96,42995,37271,27081,52313,65027,48615,41174,34411,56448,17476,27363,26023,45826,70072,12351,44206,10889,14209,6057,19603,48986,28516,42640,56617,609615,12399,42349,34729,57686,51200
Win019_C17,1265.17,252727,235703,136985,295591,232411,385823,264126,169481,214661,161091,163737,172542,352177,178370,192917,167708,171540,143540,100189,153681,179368,309723,328261,280119,267427,754623,815287,151040,278109,230806
Win020_C01,1270.31,19227,41060,46199,38314,62486,27784,51606,57882,41707,30166,52605,20972,26650,46630,45220,43744,67764,120723,136251,54239,43132,32125,22492,45997,38860,77548,54333,36251,11129,31281
Win020_C02,1272.88,93173,79335,42924,39310,86586,228604,61638,101991,49710,80382,192261,23723,88349,58291,57128,39260,218379,79331,35343,57017,65876,90242,123094,65754,74074,247557,214676,40641,53315,39370
Win020_C03,1277.05,347380,330618,276731,299850,289199,244315,284620,311798,244631,187923,197928,223433,292448,200137,219043,154986,183410,133513,158868,194249,107926,367623,340441,205395,351854,294832,397443,171660,209125,267501
Win020_C04,1279.94,56624,52945,39786,67619,196187,415534,74863,66900,63678,41928,518674,48742,84472,45425,56148,57677,1217282,65452,25648,35348,51637,65498,53805,52297,74421,192433,209878,47123,60204,90275
Win020_C05,1283.79,176741,469423,211409,252821,359799,164844,486701,267336,290128,199402,336101,286297,318588,194743,276851,182382,192805,264008,317739,350663,173167,366199,278307,322660,239051,459479,230050,82572,210049,178513
Win020_C06,1285.71,10529,8567,37285,36953,42328,68845,38293,20978,29293,27809,38225,18694,7139,21451,40486,12034,134223,178982,163600,89304,17669,15727,20369,12069,40012,153523,132798,38711,23539,32477
Win020_C07,1288.92,339683,353251,175168,201581,118295,240179,167678,128439,163306,213466,210638,247791,491966,177449,311860,172916,135942,43745,99018,33998,212602,333431,183031,244795,266257,192575,358313,67564,179896,84551
Win020_C08,1291.17,965858,730027,658596,795156,576816,468056,775633,778149,577994,679309,450811,665416,764483,207461,641050,418538,252575,112103,214439,339136,593657,1192922,907511,917596,424321,178564,301769,302409,544301,317671
Win020_C09,1296.94,622895,526531,498317,255585,305778,102944,233228,418689,391883,587147,157487,325680,538252,201042,401884,349076,57020,80147,71517,380413,228438,272838,363334,327375,553237,102363,257560,260517,335543,183034
Win020_C10,1299.51,62104,46046,63254,117367,33029,44335,97081,118096,57088,56109,74038,176358,86556,34956,45041,53782,17019,30064,40612,42265,42314,55534,96258,44090,42518,62229,47528,43916,35630,34839
Win020_C11,1302.08,145673,150674,64827,111780,120873,321426,78402,55702,122715,88479,149652,117888,196403,115245,91173,95223,271129,49102,29046,50755,100703,190829,95328,193029,597992,221818,328120,63775,144654,79493
Win020_C12,1304.65,306848,400049,305779,73508,224612,179401,85363,157670,133640,104551,257847,558545,278532,111727,250937,271941,98039,79329,43048,92502,478646,270345,86010,143877,59212,72210,107000,486716,261761,220329
Win020_C13,1305.61,800857,471492,546736,576996,424909,572535,674792,766939,473235,685655,342249,479716,513869,359916,457327,287344,311934,162212,254434,661704,266660,1038737,695353,682262,858969,375397,241581,378902,500184,418576
Win020_C14,1307.54,730833,538413,499833,554627,408764,465200,716455,695038,600127,587645,368821,619160,510268,339897,548590,409002,302779,193429,275130,461893,390461,798958,744084,721025,509611,425317,380114,411634,654565,352894
Win020_C15,1310.74,778389,910306,354819,311403,384862,377106,439137,276642,213853,143118,488129,737710,724763,229067,363870,449818,212879,340138,69987,135136,723614,472484,292645,225582,176590,226885,212988,593367,253953,241236
Win020_C16,1313.31,146092,74331,75460,107474,77451,152775,101912,126854,99808,98439,133057,81268,110727,67492,87759,77759,155655,47311,37941,71815,72615,152395,126560,135374,112846,83559,96726,60365,106606,72511
Win020_C17,1318.77,65063,41374,39811,65104,92171,364948,79191,61528,63131,37163,299702,43574,85084,53711,52458,46894,451511,62164,16438,33803,40236,79136,68652,53054,74175,243993,299601,37102,56101,62225
Win020_C18,1318.77,89257,178864,144724,281899,241665,41610,169122,134607,231487,121252,80946,158694,132956,152620,303235,96335,59131,330371,460138,291849,170667,163241,170468,114321,140902,212024,160699,101218,84995,95115
Win020_C19,1321.98,169741,192526,161140,209528,232844,185853,211136,149551,189576,139042,207207,178118,206964,102497,194981,142097,215747,152858,232178,207237,127012,207231,201597,156478,203473,201373,266405,97202,116082,112763
Win021_C01,1328.07,11846,17927,17719,12999,23417,137746,21984,11315,18772,10483,138436,10621,15507,21045,16066,16015,293237,26549,25343,18374,21206,20695,16229,17993,20392,69773,55606,14834,5812,15550
Win021_C02,1332.57,854037,871441,787719,809375,780299,570552,952624,914202,815300,843473,825993,898171,1172333,880054,849129,744024,603307,335903,482156,580063,639818,1026771,850969,921288,763715,689508,761134,660697,768430,630665
Win021_C03,1335.13,126004,147332,98145,304315,147251,655287,233482,80747,120767,137660,242321,65070,449190,138936,132874,93195,753825,568915,227532,159468,354787,123742,75977,61517,114638,3182042,1388590,192032,48181,44676
Win021_C04,1336.1,269333,427590,227928,914504,624407,925965,243663,297176,227973,313312,623037,338991,417588,186409,295700,294027,1797062,206957,241289,161178,251283,508063,546582,304400,255019,527850,407925,307821,312765,442966
Win021_C05,1339.31,707614,779728,442510,946467,722742,1120891,853587,458600,369732,469422,363723,495863,638962,389434,487684,318558,773332,399557,197889,276691,547353,702759,739222,635723,516542,2126900,2250876,489040,474504,473274
Win021_C06,1341.55,4130195,4326263,3146433,4458415,2649555,2033037,3349152,4894776,2637776,3850755,2078027,3333676,3887738,1819381,2444247,2216494,1267116,835691,1960955,1526015,2416341,5028214,3264253,3709225,2233258,1193808,1758671,2099357,2349559,1960390
Win021_C07,1356.64,1608096,976386,1034846,1328955,829122,944645,1283628,1491717,1090193,1086519,679476,1544716,1047009,679500,1090598,637579,675357,484470,481429,974332,642983,1653088,1447150,1346437,1654281,904741,697694,780681,1319109,788971
Win021_C08,1379.1,170460,172817,123432,154710,175844,321197,151248,109049,87886,101586,164358,111412,218293,112755,113327,131720,120127,124253,62899,84583,127689,235453,171412,160790,139667,381714,330400,122447,146273,137834
Win022_C01,1383.59,129290,229853,190551,366490,260071,441396,175485,158425,127918,146889,221878,92819,211875,122370,152755,205851,250018,189550,102573,88620,277930,240897,247339,154821,137093,399274,262048,179133,22898,132749
Win022_C02,1386.8,1369409,2016954,925575,3596196,4042821,2874942,1601439,995423,937274,1177583,1976668,1084856,1577877,903745,1275951,880105,6094647,794702,612738,831300,1520779,1908328,3256608,1323772,1419429,1603288,2095147,1278853,980483,1168624
Win022_C03,1387.44,909897,1281431,602259,1059090,1432852,2421255,980031,753814,544916,494927,969335,577139,1104588,699653,763119,467293,1816449,796682,458040,485861,787235,1199298,614339,956049,1044322,4343482,3440628,306361,344644,306539
Win022_C04,1390.33,918706,732560,365067,505923,556204,451851,578055,816409,459873,516881,349329,506163,696193,351585,518699,395975,238426,110845,158812,260339,412857,755618,728859,611343,299271,307257,277899,332574,411931,324235
Win022_C05,1394.82,29713,56021,25291,80291,78645,185839,55501,26123,26628,24552,67863,59287,73206,80945,38886,57060,474602,39214,16950,17720,55005,48972,43804,43545,19837,253136,115189,42128,13176,36335
Win022_C06,1398.36,35686,119027,65136,144976,148250,140481,91614,41391,97480,92967,118714,76535,81747,87281,166019,77036,249498,261914,351828,217525,69175,62093,57082,66313,188659,284315,212286,62830,77599,55368
Win022_C07,1404.45,569943,341941,337845,419983,299044,337892,481649,458973,367843,392677,215964,415943,323679,196432,300063,228419,203535,150879,182333,350058,234748,582094,507615,484134,475866,310374,205449,282514,427890,262421
Win022_C08,1405.41,1866780,1165803,1425111,1625826,916676,1303156,1609529,1543884,1448153,1548080,1038293,1602564,1518152,918136,1342989,1041716,634327,513307,616393,997686,936322,1617366,1442896,2007937,1140214,985676,991172,876553,1463059,1019823
Win022_C09,1409.91,97081,138200,74496,190858,342982,272543,122802,41166,48289,143306,105922,46754,221600,78152,90915,69019,160332,32618,79110,92432,123569,262525,212945,113197,158334,161740,247135,89939,47776,327433
Win022_C10,1411.19,239605,128205,169092,194197,76977,155282,201923,237153,192982,138782,82699,196489,136711,68274,172301,138081,76716,47305,53528,85091,62855,138117,199004,280512,98749,93836,114615,107155,174999,147993
Win022_C11,1416.65,165877,157162,118005,145815,156087,171847,203360,173438,158885,109357,148758,135114,120625,111409,129630,105753,217744,253430,180721,156560,154896,138284,151898,182519,136023,272629,273522,119543,136733,99256
Win022_C12,1420.82,32083,59975,45771,59018,71342,96506,66578,51957,67771,37279,80422,51081,70381,46904,82113,22962,100213,96242,76075,74792,25197,53767,21836,27786,14279,73108,92481,31967,31862,22045
Win022_C13,1422.1,412159,307985,307790,385073,420434,326728,419616,324195,321552,349221,362276,411125,469066,395283,370866,1587392,1049188,480724,1039643,337466,559658,386751,1049553,441353,594440,444102,15845,271472,17391,136512
Win022_C14,1428.2,432833,228230,144481,301953,177806,203133,284302,373695,285406,129894,145496,327851,234629,114820,202774,130402,129606,73670,141343,167221,134320,313443,331419,278573,180608,86693,146767,165559,366259,151810
Win023_C01,1433.66,141273,234835,118547,209277,355556,485059,186851,87617,94668,127010,204111,127434,195096,133224,174271,96045,384954,258309,146094,146402,210351,244299,167400,144440,181753,607627,591342,93751,66246,75305
Win023_C02,1434.62,2271358,3832000,1675112,510394,3088781,1909032,474232,73270,299640,337266,1619969,1449272,2806780,1143557,1830614,2496095,25997,984205,10072,434955,2703356,2716590,636746,399677,1060598,315997,300142,1118280,762274,638462
Win023_C03,1435.58,3815513,2062622,1829206,2925307,1188138,1804797,2604955,3725531,2540769,2422365,1286722,3420626,2215047,1114552,1875185,1008762,1596369,524049,1120774,1104035,1314182,2522977,3085570,3469177,1919207,1274518,1407937,1608890,1896281,1200753
Win023_C04,1436.54,316853,266688,248670,277623,163421,166162,233643,286992,217366,274670,124221,285228,213703,136095,159835,184048,151328,86810,100125,122434,194875,237518,292097,242568,138386,121162,123363,116940,134484,94883
Win023_C05,1437.51,7525724,7332489,5291431,6959840,4289134,3632895,5372403,6960121,4252780,6059670,3719342,6010189,6798496,3516594,4910342,3799054,2203372,1733613,2636210,2528702,4865066,7084106,5851010,6435871,4215850,2758013,4000254,2961449,3678194,2965678
Win023_C06,1450.02,1461875,691661,582465,841547,564220,932409,788592,1038392,778487,775638,577341,892802,813971,501063,793269,568257,719247,332967,388420,602696,596984,1165758,1046777,1234863,827406,758559,660976,557374,933888,552040
Win023_C07,1460.29,138093,270386,205973,251195,432975,169136,354398,288901,160891,297343,231228,181346,212127,247528,315511,33807,350693,652911,642481,324226,194012,209405,146699,101610,317742,618057,337607,140506,122179,135141
Win023_C08,1464.46,115502,255070,179982,257227,368725,260177,280069,193517,196897,177539,270791,159443,155969,184450,236450,127631,485042,774009,650501,363520,174802,156805,153404,128893,167807,629278,393774,147546,93314,130262
Win023_C09,1473.45,155352,166817,152657,241868,233640,184833,246192,216482,233629,162112,144360,215194,213643,154793,97832,223979,205322,177661,229778,140787,96626,169762,126845,182145,150467,268229,203509,44872,25344,52369
Win024_C01,1482.76,219941,357607,172789,245049,220350,161515,197883,237505,193579,198377,142899,258444,275004,156949,241010,192032,97454,82039,106720,96821,144969,294716,289338,249573,695983,218620,240794,100297,114512,102410
Win024_C02,1485.32,286818,190727,229695,259040,117980,102950,209001,337953,191613,259750,163774,233256,267366,163455,222193,139876,150265,38236,153770,164301,207260,261992,325442,302706,68435,67795,132433,148270,179624,134524
Win024_C03,1490.14,295598,735652,734932,1066095,1282731,603427,750057,531229,783476,531576,740372,600736,537038,654161,1154068,425352,1121397,2015674,2488801,1271207,714659,660361,643848,373004,596248,1412903,1195565,437303,234386,256933
Win024_C04,1493.99,1078338,580429,654890,889751,639395,646079,784042,882400,963139,741151,603102,628162,667073,568887,925417,573376,481900,400317,516560,551744,586890,935713,961143,1151253,713093,698267,672918,513187,830113,596826
Win024_C05,1502.01,384888,150983,371532,385204,98165,317426,413830,611384,573775,388426,209201,560114,340722,195219,406488,230121,170884,109840,119779,259911,95700,323507,395472,802153,237967,322577,194965,184835,520792,302876
Win024_C06,1508.75,35164,47147,17353,65754,839575,260917,44984,100536,79345,35850,24752,19241,90661,43485,21738,83962,45135,90305,10235,101601,32891,25422,13335,162817,30029,95714,578909,1159831,29891,57027
Win025_C01,1525.12,7393,65794,47562,84868,109914,56397,94795,30672,59061,58881,71874,49620,46251,68574,83425,66303,201569,229072,224516,139972,38076,52525,53786,23893,38301,178740,157796,35862,21621,34000
Win025_C02,1526.4,1190301,1215585,835173,990585,654802,594170,819739,1351749,464747,905493,455131,898111,976353,480362,736555,504900,265368,144005,285712,292348,584833,887113,734478,981981,545694,310610,464866,375084,435163,340376
Win025_C03,1531.54,73435,97092,54931,99592,152746,73459,114333,38777,98194,41351,76390,41270,32135,77059,110070,30103,122075,254594,279334,128036,78671,55082,66566,45127,66436,247243,161826,31710,30530,25819
Win025_C04,1535.71,589146,301340,421726,407451,290918,285233,200330,380326,219354,316332,312391,253363,457570,443068,686011,582062,910178,461974,361682,236038,302984,322027,372206,462291,384303,315872,116663,219185,214226,185918
Win025_C05,1536.35,676888,405334,428307,397289,364984,330560,271962,402238,385479,438712,376562,335249,486612,423553,655036,545361,796200,410329,351297,278058,362980,506699,516913,598869,428880,350381,187242,255103,328375,292225
Win025_C06,1536.99,2417753,1666259,2957966,1807671,1459230,800863,715112,533074,761440,1155845,1424533,1595770,2314976,3284878,4764533,4648442,7810983,3471722,2601050,1439633,1270127,894734,1415130,1457360,2446897,2136589,60143,549417,35815,382216
Win025_C07,1545.01,166981,107296,108053,110393,66600,106228,146411,166287,135415,151569,59505,137385,109953,59155,124122,72173,50408,32333,47846,151767,47076,182493,138872,160359,119078,92435,58809,98259,104889,73678
Win025_C08,1547.9,30805,62730,54010,72678,81457,49724,60543,43786,60577,47724,67429,51205,36707,42593,68885,36701,91666,143416,119817,108389,41051,56099,64427,37028,64925,119085,113702,36512,25953,36968
Win025_C09,1555.61,14736,823805,1187176,1024926,811886,710548,383908,728183,1329277,696338,829036,590380,735992,968423,438414,585638,539560,354390,174535,483405,198457,406681,1087752,736777,1346585,659615,257747,21216,672167,686264
Win025_C10,1560.74,38684,55451,66765,114881,134786,78740,96652,82275,93172,73486,66714,24468,91153,68737,144984,49623,85457,87120,165545,82871,97342,271103,90349,67262,56570,122409,162322,40708,35649,42720
Win026_C01,1569.08,74371,102690,79491,53240,63802,112812,87865,129753,112945,82874,95764,110147,96223,153632,100548,47244,31006,46081,49713,46668,72351,113969,95671,118552,74932,89251,69117,33805,43764,101092
Win026_C02,1570.37,256075,313582,293585,215221,245286,144247,349501,196430,323138,340533,267583,289528,392995,233436,262861,339459,146927,95431,226708,209464,219830,343368,311455,186276,222546,119591,160458,193193,351853,204859
Win026_C03,1574.22,33790,127988,152219,178068,238414,83877,161071,68704,110793,90852,116737,103743,94891,109742,211271,37901,174602,440358,394258,262454,105798,89227,90673,87641,107742,300676,243241,68217,31052,31133
Win026_C04,1578.07,915189,467339,436213,511908,481390,539698,415218,762633,519483,783739,487838,555072,582958,397470,703590,410076,368835,215289,271953,346401,561899,831194,839965,997798,587901,370752,383064,451530,552809,507968
Win026_C05,1586.73,1256850,804623,1285866,1055423,655762,1084303,1540130,1406450,1176459,1372639,575542,1390716,853184,522554,916675,503670,470906,349475,401907,1369117,483029,1700531,1299594,1375404,1268067,929307,392751,754198,1041965,644420
Win026_C06,1588.02,39466,80048,43758,43498,47405,29035,50903,37667,41475,49305,32330,50642,41111,34516,54021,22345,53052,65204,45676,33455,22154,51851,30011,34260,24752,56110,72017,26689,35905,18465
Win026_C07,1591.87,459,459,22819,78038,64028,47217,26958,19408,32873,85784,43266,30840,20662,42272,76591,44644,17277,16045,8579,14652,42707,8579,39181,75378,89017,46480,43421,715,4187,4079
Win026_C08,1594.76,109761,273400,226744,408730,462295,207350,362967,173006,200278,200339,279519,207498,244881,181842,281453,178812,436396,765533,896231,532397,247132,287481,217201,143784,243751,593301,382044,152125,141919,159738
Win026_C09,1598.93,8248,25478,33934,36029,25876,10761,18961,18175,86944,33960,31474,34192,7989,5235,55871,15237,14612,20530,23553,62755,11922,37200,11742,27369,55448,23946,16056,7945,2500,2562
Win026_C10,1600.85,65567,47953,79597,39158,86079,48109,95397,56654,64129,84009,77345,85026,93802,27983,72608,53093,73271,45639,48586,74925,45407,59184,40673,51081,39818,46338,90467,36726,43658,32084
Win026_C11,1603.74,128299,145557,51402,85254,69399,38374,86322,94118,85213,135674,68219,135577,208810,104312,131424,53520,6909,24090,29152,34884,120487,175779,187443,157137,78577,25670,30697,73965,64882,87482
Win026_C12,1609.2,103531,124740,122785,135805,164908,72315,129657,88030,85065,87730,94421,74390,105752,70642,98395,84009,112988,121311,143773,142832,81387,117820,140463,99419,81489,160244,143712,42539,76092,65482
Win026_C13,1610.48,373284,426923,344547,360124,452772,267525,465475,439466,348160,351806,371837,317878,583441,248633,362929,391514,268141,180166,251726,254770,312013,391582,337457,328126,280258,436651,449245,246041,322584,219900
Win026_C14,1612.73,66321,88162,78907,58151,73549,61075,107474,96667,79865,95015,85431,109332,77371,93796,91283,87248,45706,29793,46556,46430,70271,84883,77991,76176,68626,61280,66814,60554,50124,61196
Win026_C15,1616.58,670411,302563,245092,331766,280118,322138,269849,389751,297787,290952,221279,517656,326605,238361,310550,215109,231243,96562,185224,169964,226022,415687,409719,363933,262353,166457,175480,224096,238904,188784
Win027_C01,1626.85,165349,71768,87854,81464,51435,96123,102886,119767,102939,110565,63978,137248,94792,50551,93142,49013,38168,25272,43693,87519,40198,136807,110631,138260,73714,65681,48185,59135,79712,56160
Win027_C02,1629.42,148228,260459,138701,259198,154847,87079,168629,226995,153387,170436,117443,186925,221155,77864,138028,132155,106941,65325,91324,98776,101042,113113,173160,168708,76534,140404,118225,81911,123958,105742
Win027_C03,1637.44,31310,456309,636768,564423,579149,398589,294376,526596,1101752,517270,467410,510386,606518,578760,341882,496094,403149,299936,114519,447399,160749,396978,815090,634101,719906,441867,255981,59610,515585,547129
Win028_C01,1643.22,273108,307418,425656,217799,254417,223068,412008,274088,162023,337494,142148,222545,199148,124544,203851,147803,92185,56677,120314,462711,162473,481003,275575,170639,387569,192952,71950,210189,66542,90117
Win028_C02,1644.5,337213,216748,254675,224052,269259,217631,324255,334450,523201,193935,276070,235953,314521,189627,265841,221614,243271,293222,227783,307553,179804,221224,163809,350918,119789,561302,719580,225517,309301,236000
Win028_C03,1648.99,886171,986037,894384,949103,1222861,735036,1089406,1114143,931033,924470,861890,875780,1414517,608520,1037969,965981,628189,405645,656052,582532,865755,1021749,967703,821853,662241,855761,895939,637071,773823,560996
Win028_C04,1653.81,477841,563520,573053,482982,526105,350127,445236,396953,379524,325381,356927,411583,603443,269010,459395,450853,234566,257119,298027,284841,450463,516018,412654,429894,379937,286723,398602,204405,283300,176792
Win028_C05,1655.09,2109674,2661533,2326989,1727456,2758772,1517210,2262115,2003260,1692692,2102995,1803729,2187942,3100196,1663622,2116339,2117468,1227014,1023567,1530534,1520766,1963205,2349136,1857111,1677396,1819283,1796020,1809331,1445608,1697135,1198607
Win028_C06,1656.05,772825,360646,490572,565775,343750,367051,623718,601102,752000,865717,588493,683351,731644,504457,919294,422603,382130,145634,283323,332502,387418,520896,563334,925778,444539,342733,341911,383074,513408,440789
Win028_C07,1662.15,1618299,1298819,1182034,1062509,1270928,846896,1022898,1018319,1187068,1592569,1297314,1181627,1906829,885879,1252844,1235595,526084,405355,690007,621729,1272715,1649890,1647574,901974,980103,591287,926935,728286,572228,982866
Win028_C08,1663.43,2930775,3660799,2915794,3051021,4038276,2244620,3530157,3703537,2890747,2761335,2751810,2875891,4839362,2120003,3164745,3243446,2277631,1664283,1978720,2156652,2719541,3118892,2647682,2746976,1962207,3390178,3193210,1929540,2380353,1768133
Win028_C09,1664.4,290671,397034,287876,259498,403781,131070,258679,292330,214674,288493,307825,266627,339822,195116,260467,235224,143415,79880,167704,246267,262881,344645,244777,207886,236906,214746,291374,185267,181919,162504
Win028_C10,1665.68,1602786,361407,618942,935171,222747,809961,738755,916396,1066258,633008,433464,856931,559163,375770,973463,514923,341366,275436,267738,399873,237439,556570,731589,916314,365246,617659,223253,273700,903516,562312
Win028_C11,1671.46,285529,286324,290270,213219,204943,198017,292596,214870,231175,319717,163771,319911,427808,190237,251635,223521,275527,159180,183660,198138,173424,207738,196206,191778,182929,198325,266638,111129,188196,122928
Win028_C12,1672.74,438651,530902,599610,325212,514162,330600,479067,376828,360868,566467,368854,539914,397528,203219,432032,240392,192363,105118,211314,513352,309093,671084,388295,346718,529083,236657,190132,342876,287152,275214
Win029_C01,1685.9,80408,162199,184540,111656,191529,96015,113130,85683,63453,138031,89474,116000,204162,86999,123379,124534,47365,67770,66961,46871,141676,121722,89806,88500,80160,109879,94713,67710,38524,57459
Win029_C02,1694.88,112905,74868,86156,8448,122236,60788,92066,39081,10642,191085,18215,212345,17750,4551,74358,27442,33122,409,28463,106725,73779,238435,46120,58182,144304,735,65180,8224,96625,7323
Win029_C03,1697.13,73794,120206,86907,103727,68495,37145,58655,119545,103101,61745,54290,112774,150103,55162,80701,77145,39424,64946,34678,75826,51581,74980,65108,113577,64843,135134,30505,66464,14828,40115
Win029_C04,1702.91,125621,253329,251810,133387,101307,86809,96849,94615,162590,179184,120922,214635,200390,116207,156100,102964,86935,23068,70564,94009,134657,125135,140719,135872,65638,54376,96904,77429,87220,52642
Win029_C05,1707.72,176567,136987,264420,150823,86854,136752,235501,195772,214379,191449,70290,238204,116874,56134,147560,86889,53992,43006,54764,162362,47298,250032,163496,197658,169738,148497,70858,106254,152353,110203
Win029_C06,1724.73,58198,60931,134767,74529,140679,152862,104549,98243,89077,224660,153949,65331,155860,99729,124403,58801,47873,11878,76534,126735,184115,159970,105147,38080,173635,26085,78086,30616,118874,112238
Win029_C07,1728.26,92620,204139,184092,218985,214702,88457,185984,238068,153966,275055,92243,154897,266020,179304,157709,169945,134858,98849,107848,128572,211604,216973,208206,212998,167503,157553,152675,114660,131023,136788
Win029_C08,1731.79,1989969,856770,1027595,988511,480196,1266078,1278968,1607164,1360155,1230765,613152,946682,966228,387676,597824,311572,739154,429916,558635,534851,552455,855766,1229217,1820706,1108901,846232,856788,627154,1108510,731551
Win029_C09,1734.36,563436,50950,310543,423807,39532,187805,393355,273660,505778,393938,253741,375100,409976,246239,453378,152966,127699,18565,90150,103505,17307,71849,187005,685114,168975,182424,139783,130980,381523,258736
Win029_C10,1739.49,160801,359113,38148,99749,85421,57220,145975,231469,145800,73481,20741,197008,194489,92771,123545,136021,125852,152080,85328,103269,105059,182142,240553,259675,60615,148944,80224,98999,79284,202809
Win029_C11,1743.66,716302,75555,227701,251598,65509,217979,330114,367925,579988,175405,269235,183676,102656,55530,180646,90875,76937,31678,44139,87782,29051,75646,221890,517255,60554,112379,115846,66248,235890,221655
Win029_C12,1746.55,524318,180421,160101,244958,167140,169544,170295,230444,231702,214113,130193,215819,194416,154439,289129,132925,156113,98134,100975,120946,142054,272149,283769,365822,161399,149787,110925,168043,197219,183337
Win029_C13,1756.5,3676494,2009503,3424793,2028667,1216052,2478172,2908787,2241927,1664839,1612950,1298434,1904619,1251121,775132,1237653,476987,581531,655780,1020654,2334847,789865,3048390,2244072,2156920,2078003,922565,612661,1416922,1996030,916558
Win029_C14,1759.71,1109251,1891799,1709172,1193608,2069235,961861,1187023,1302184,1242976,1356917,1393677,1522244,1440465,763986,1633164,1302408,862690,343173,808823,638567,1295813,1260502,920410,939441,843905,1099391,964132,1000298,649980,845051
Win029_C15,1771.58,206459,158901,158217,156404,183056,106314,158283,177044,185237,171074,134904,106731,142140,117878,89251,141127,67384,83236,95596,72426,53867,192116,148990,143534,169800,91392,131870,115637,192508,125310
Win030_C01,1778.64,148186,104380,207753,225001,103640,112291,92261,247520,645911,123896,212011,257683,121824,81785,374927,106175,37467,53372,294810,39766,94609,129481,50572,99442,48658,72074,84988,140620,201201,70658
Win030_C02,1781.53,34704,82204,77806,40400,74589,18484,65651,44280,119806,67452,49508,67408,54963,59798,82137,57895,54941,204196,68551,58702,59451,79380,44374,94499,41342,299814,147947,58808,37929,7013
Win030_C03,1787.95,101218,144251,97929,118656,100868,55759,103789,192434,58725,106815,33293,41664,115308,96341,86827,76639,38219,23179,110205,55251,97011,174217,107359,105627,58143,41115,54504,76473,66686,53095
Win030_C04,1800.14,151715,56361,88413,116673,43603,50161,97976,94519,95848,63769,49752,106487,67398,35465,105647,46699,12403,19885,25199,60411,35279,69462,76865,104088,43604,63434,30730,46785,133250,87825
Win030_C05,1802.07,1334567,1713785,1455602,1015226,1426178,794868,1180203,1057600,818283,1113565,897035,1066346,1666477,944837,1127677,1121537,636538,478297,798828,857951,970337,1358635,1118055,1045779,1276405,785712,928706,964125,1164079,778712
Win030_C06,1822.29,643126,940990,1127025,707558,1065557,628134,888005,669721,985691,783099,1219567,1427536,1010466,832711,1432436,945399,652108,435393,542908,711533,1461907,1168795,640603,816641,722306,1060067,777571,853881,565459,583249
Win030_C07,1828.38,53429,95240,53301,48661,63822,40223,63476,143158,28155,76339,55703,260578,96851,27319,53043,36847,48394,15791,43458,19631,57440,89163,50584,65845,64168,36988,37643,63635,29213,28055
Win030_C08,1833.52,475057,1007902,622357,615304,359811,265218,673888,606949,304520,511812,184061,266446,302057,136465,350926,227071,233438,115853,331362,149195,248065,724086,558006,813194,468857,168001,337362,411602,285828,418721
Win030_C09,1834.48,237115,87506,264824,123033,94734,103605,77041,272787,181983,71859,229796,270468,255543,201685,345072,178431,120857,72154,122531,59811,176109,163073,148280,272277,172032,76876,132638,131760,166369,40681